-- phpMyAdmin SQL Dump
-- version 3.5.1
-- http://www.phpmyadmin.net
--
-- Хост: 127.0.0.1
-- Время создания: Сен 27 2014 г., 01:45
-- Версия сервера: 5.5.25
-- Версия PHP: 5.3.13

SET SQL_MODE="NO_AUTO_VALUE_ON_ZERO";
SET time_zone = "+00:00";


/*!40101 SET @OLD_CHARACTER_SET_CLIENT=@@CHARACTER_SET_CLIENT */;
/*!40101 SET @OLD_CHARACTER_SET_RESULTS=@@CHARACTER_SET_RESULTS */;
/*!40101 SET @OLD_COLLATION_CONNECTION=@@COLLATION_CONNECTION */;
/*!40101 SET NAMES utf8 */;

--
-- База данных: `test-al.ua`
--

-- --------------------------------------------------------

--
-- Структура таблицы `address`
--

CREATE TABLE IF NOT EXISTS `address` (
  `address_id` int(11) NOT NULL AUTO_INCREMENT,
  `customer_id` int(11) NOT NULL,
  `firstname` varchar(32) COLLATE utf8_bin NOT NULL DEFAULT '',
  `lastname` varchar(32) COLLATE utf8_bin NOT NULL DEFAULT '',
  `company` varchar(32) COLLATE utf8_bin NOT NULL,
  `company_id` varchar(32) COLLATE utf8_bin NOT NULL,
  `tax_id` varchar(32) COLLATE utf8_bin NOT NULL,
  `address_1` varchar(128) COLLATE utf8_bin NOT NULL,
  `address_2` varchar(128) COLLATE utf8_bin NOT NULL,
  `city` varchar(128) COLLATE utf8_bin NOT NULL,
  `postcode` varchar(10) COLLATE utf8_bin NOT NULL,
  `country_id` int(11) NOT NULL DEFAULT '0',
  `zone_id` int(11) NOT NULL DEFAULT '0',
  PRIMARY KEY (`address_id`),
  KEY `customer_id` (`customer_id`)
) ENGINE=MyISAM  DEFAULT CHARSET=utf8 COLLATE=utf8_bin AUTO_INCREMENT=16 ;

-- --------------------------------------------------------

--
-- Структура таблицы `affiliate`
--

CREATE TABLE IF NOT EXISTS `affiliate` (
  `affiliate_id` int(11) NOT NULL AUTO_INCREMENT,
  `firstname` varchar(32) COLLATE utf8_bin NOT NULL DEFAULT '',
  `lastname` varchar(32) COLLATE utf8_bin NOT NULL DEFAULT '',
  `email` varchar(96) COLLATE utf8_bin NOT NULL DEFAULT '',
  `telephone` varchar(32) COLLATE utf8_bin NOT NULL DEFAULT '',
  `fax` varchar(32) COLLATE utf8_bin NOT NULL DEFAULT '',
  `password` varchar(40) COLLATE utf8_bin NOT NULL DEFAULT '',
  `salt` varchar(9) COLLATE utf8_bin NOT NULL DEFAULT '',
  `company` varchar(32) COLLATE utf8_bin NOT NULL,
  `website` varchar(255) COLLATE utf8_bin NOT NULL,
  `address_1` varchar(128) COLLATE utf8_bin NOT NULL DEFAULT '',
  `address_2` varchar(128) COLLATE utf8_bin NOT NULL,
  `city` varchar(128) COLLATE utf8_bin NOT NULL DEFAULT '',
  `postcode` varchar(10) COLLATE utf8_bin NOT NULL DEFAULT '',
  `country_id` int(11) NOT NULL,
  `zone_id` int(11) NOT NULL,
  `code` varchar(64) COLLATE utf8_bin NOT NULL,
  `commission` decimal(4,2) NOT NULL DEFAULT '0.00',
  `tax` varchar(64) COLLATE utf8_bin NOT NULL,
  `payment` varchar(6) COLLATE utf8_bin NOT NULL,
  `cheque` varchar(100) COLLATE utf8_bin NOT NULL DEFAULT '',
  `paypal` varchar(64) COLLATE utf8_bin NOT NULL DEFAULT '',
  `bank_name` varchar(64) COLLATE utf8_bin NOT NULL DEFAULT '',
  `bank_branch_number` varchar(64) COLLATE utf8_bin NOT NULL DEFAULT '',
  `bank_swift_code` varchar(64) COLLATE utf8_bin NOT NULL DEFAULT '',
  `bank_account_name` varchar(64) COLLATE utf8_bin NOT NULL DEFAULT '',
  `bank_account_number` varchar(64) COLLATE utf8_bin NOT NULL DEFAULT '',
  `ip` varchar(40) COLLATE utf8_bin NOT NULL,
  `status` tinyint(1) NOT NULL,
  `approved` tinyint(1) NOT NULL,
  `date_added` datetime NOT NULL,
  PRIMARY KEY (`affiliate_id`)
) ENGINE=MyISAM DEFAULT CHARSET=utf8 COLLATE=utf8_bin AUTO_INCREMENT=1 ;

-- --------------------------------------------------------

--
-- Структура таблицы `affiliate_transaction`
--

CREATE TABLE IF NOT EXISTS `affiliate_transaction` (
  `affiliate_transaction_id` int(11) NOT NULL AUTO_INCREMENT,
  `affiliate_id` int(11) NOT NULL,
  `order_id` int(11) NOT NULL,
  `description` text COLLATE utf8_bin NOT NULL,
  `amount` decimal(15,4) NOT NULL,
  `date_added` datetime NOT NULL,
  PRIMARY KEY (`affiliate_transaction_id`)
) ENGINE=MyISAM DEFAULT CHARSET=utf8 COLLATE=utf8_bin AUTO_INCREMENT=1 ;

-- --------------------------------------------------------

--
-- Структура таблицы `attribute`
--

CREATE TABLE IF NOT EXISTS `attribute` (
  `attribute_id` int(11) NOT NULL AUTO_INCREMENT,
  `attribute_group_id` int(11) NOT NULL,
  `sort_order` int(3) NOT NULL,
  PRIMARY KEY (`attribute_id`)
) ENGINE=MyISAM  DEFAULT CHARSET=utf8 COLLATE=utf8_bin AUTO_INCREMENT=15 ;

--
-- Дамп данных таблицы `attribute`
--

INSERT INTO `attribute` (`attribute_id`, `attribute_group_id`, `sort_order`) VALUES
(1, 6, 1),
(2, 6, 5),
(3, 6, 3),
(4, 3, 1),
(5, 3, 2),
(6, 3, 3),
(7, 3, 4),
(8, 3, 5),
(9, 3, 6),
(10, 3, 7),
(11, 3, 8),
(12, 7, 1),
(13, 7, 2),
(14, 7, 3);

-- --------------------------------------------------------

--
-- Структура таблицы `attribute_description`
--

CREATE TABLE IF NOT EXISTS `attribute_description` (
  `attribute_id` int(11) NOT NULL,
  `language_id` int(11) NOT NULL,
  `name` varchar(64) COLLATE utf8_bin NOT NULL,
  PRIMARY KEY (`attribute_id`,`language_id`)
) ENGINE=MyISAM DEFAULT CHARSET=utf8 COLLATE=utf8_bin;

--
-- Дамп данных таблицы `attribute_description`
--

INSERT INTO `attribute_description` (`attribute_id`, `language_id`, `name`) VALUES
(1, 1, 'Description'),
(2, 1, 'No. of Cores'),
(4, 1, 'test 1'),
(5, 1, 'test 2'),
(6, 1, 'test 3'),
(7, 1, 'test 4'),
(8, 1, 'test 5'),
(9, 1, 'test 6'),
(10, 1, 'test 7'),
(11, 1, 'test 8'),
(3, 1, 'Clockspeed'),
(1, 2, 'Description'),
(2, 2, 'No. of Cores'),
(4, 2, 'test 1'),
(5, 2, 'test 2'),
(6, 2, 'test 3'),
(7, 2, 'test 4'),
(8, 2, 'test 5'),
(9, 2, 'test 6'),
(10, 2, 'test 7'),
(11, 2, 'test 8'),
(3, 2, 'Clockspeed'),
(12, 2, 'Вязкость'),
(12, 1, 'Вязкость'),
(13, 1, 'Объём'),
(13, 2, 'Объём'),
(14, 1, 'Тип'),
(14, 2, 'Тип');

-- --------------------------------------------------------

--
-- Структура таблицы `attribute_group`
--

CREATE TABLE IF NOT EXISTS `attribute_group` (
  `attribute_group_id` int(11) NOT NULL AUTO_INCREMENT,
  `sort_order` int(3) NOT NULL,
  PRIMARY KEY (`attribute_group_id`)
) ENGINE=MyISAM  DEFAULT CHARSET=utf8 COLLATE=utf8_bin AUTO_INCREMENT=8 ;

--
-- Дамп данных таблицы `attribute_group`
--

INSERT INTO `attribute_group` (`attribute_group_id`, `sort_order`) VALUES
(3, 2),
(4, 1),
(5, 3),
(6, 4),
(7, 0);

-- --------------------------------------------------------

--
-- Структура таблицы `attribute_group_description`
--

CREATE TABLE IF NOT EXISTS `attribute_group_description` (
  `attribute_group_id` int(11) NOT NULL,
  `language_id` int(11) NOT NULL,
  `name` varchar(64) COLLATE utf8_bin NOT NULL,
  PRIMARY KEY (`attribute_group_id`,`language_id`)
) ENGINE=MyISAM DEFAULT CHARSET=utf8 COLLATE=utf8_bin;

--
-- Дамп данных таблицы `attribute_group_description`
--

INSERT INTO `attribute_group_description` (`attribute_group_id`, `language_id`, `name`) VALUES
(3, 1, 'Memory'),
(4, 1, 'Technical'),
(5, 1, 'Motherboard'),
(6, 1, 'Processor'),
(3, 2, 'Memory'),
(4, 2, 'Technical'),
(5, 2, 'Motherboard'),
(6, 2, 'Processor'),
(7, 1, 'Motor oil'),
(7, 2, 'Моторное масло');

-- --------------------------------------------------------

--
-- Структура таблицы `banner`
--

CREATE TABLE IF NOT EXISTS `banner` (
  `banner_id` int(11) NOT NULL AUTO_INCREMENT,
  `name` varchar(64) COLLATE utf8_bin NOT NULL,
  `status` tinyint(1) NOT NULL,
  PRIMARY KEY (`banner_id`)
) ENGINE=MyISAM  DEFAULT CHARSET=utf8 COLLATE=utf8_bin AUTO_INCREMENT=9 ;

-- --------------------------------------------------------

--
-- Структура таблицы `banner_image`
--

CREATE TABLE IF NOT EXISTS `banner_image` (
  `banner_image_id` int(11) NOT NULL AUTO_INCREMENT,
  `banner_id` int(11) NOT NULL,
  `link` varchar(255) COLLATE utf8_bin NOT NULL,
  `image` varchar(255) COLLATE utf8_bin NOT NULL,
  PRIMARY KEY (`banner_image_id`)
) ENGINE=MyISAM  DEFAULT CHARSET=utf8 COLLATE=utf8_bin AUTO_INCREMENT=78 ;

-- --------------------------------------------------------

--
-- Структура таблицы `banner_image_description`
--

CREATE TABLE IF NOT EXISTS `banner_image_description` (
  `banner_image_id` int(11) NOT NULL,
  `language_id` int(11) NOT NULL,
  `banner_id` int(11) NOT NULL,
  `title` varchar(64) COLLATE utf8_bin NOT NULL,
  PRIMARY KEY (`banner_image_id`,`language_id`)
) ENGINE=MyISAM DEFAULT CHARSET=utf8 COLLATE=utf8_bin;

-- --------------------------------------------------------

--
-- Структура таблицы `category`
--

CREATE TABLE IF NOT EXISTS `category` (
  `category_id` int(11) NOT NULL AUTO_INCREMENT,
  `image` varchar(255) COLLATE utf8_bin DEFAULT NULL,
  `parent_id` int(11) NOT NULL DEFAULT '0',
  `top` tinyint(1) NOT NULL,
  `column` int(3) NOT NULL,
  `sort_order` int(3) NOT NULL DEFAULT '0',
  `status` tinyint(1) NOT NULL,
  `date_added` datetime NOT NULL DEFAULT '0000-00-00 00:00:00',
  `date_modified` datetime NOT NULL DEFAULT '0000-00-00 00:00:00',
  PRIMARY KEY (`category_id`)
) ENGINE=MyISAM  DEFAULT CHARSET=utf8 COLLATE=utf8_bin AUTO_INCREMENT=80 ;

--
-- Дамп данных таблицы `category`
--

INSERT INTO `category` (`category_id`, `image`, `parent_id`, `top`, `column`, `sort_order`, `status`, `date_added`, `date_modified`) VALUES
(66, '', 59, 0, 1, 0, 1, '2014-05-10 16:07:08', '2014-05-10 16:07:08'),
(67, '', 59, 0, 1, 0, 1, '2014-05-10 16:07:34', '2014-05-10 16:07:34'),
(68, '', 59, 0, 1, 0, 1, '2014-05-10 16:08:13', '2014-05-10 16:08:13'),
(69, '', 60, 0, 1, 0, 1, '2014-05-10 16:08:37', '2014-05-10 16:08:37'),
(70, '', 60, 0, 1, 0, 1, '2014-05-10 16:08:54', '2014-05-10 16:08:54'),
(71, '', 60, 0, 1, 0, 1, '2014-05-10 16:09:11', '2014-05-10 16:09:11'),
(72, '', 60, 0, 1, 0, 1, '2014-05-10 16:09:51', '2014-05-10 16:09:51'),
(73, '', 61, 0, 1, 0, 1, '2014-05-10 16:10:09', '2014-05-10 16:10:09'),
(74, '', 61, 0, 1, 0, 1, '2014-05-10 16:10:24', '2014-05-10 16:10:24'),
(75, '', 62, 0, 1, 0, 1, '2014-05-10 16:10:39', '2014-05-10 16:10:39'),
(76, '', 62, 0, 1, 0, 1, '2014-05-10 16:10:57', '2014-05-10 16:10:57'),
(77, '', 63, 0, 1, 0, 1, '2014-05-10 16:11:31', '2014-05-10 16:11:31'),
(78, '', 63, 0, 1, 0, 1, '2014-05-10 16:11:45', '2014-05-10 16:11:45'),
(79, '', 59, 0, 1, 0, 0, '2014-09-24 21:15:13', '2014-09-24 21:16:50'),
(64, 'data/logo-other.png', 0, 1, 1, 6, 1, '2014-05-10 15:58:20', '2014-05-10 15:58:20'),
(63, 'data/liquids.png', 0, 1, 1, 5, 1, '2014-05-10 15:57:36', '2014-05-10 16:03:45'),
(62, 'data/parts.png', 0, 1, 1, 4, 1, '2014-05-10 15:56:55', '2014-05-10 15:56:55'),
(61, 'data/brakes.png', 0, 1, 1, 3, 1, '2014-05-10 15:56:08', '2014-05-10 15:56:08'),
(60, 'data/filter.png', 0, 1, 1, 2, 1, '2014-05-10 15:55:05', '2014-05-10 15:55:30'),
(59, 'data/logo-maslo.png', 0, 1, 1, 1, 1, '2014-05-10 15:54:25', '2014-05-10 16:26:25');

-- --------------------------------------------------------

--
-- Структура таблицы `category_description`
--

CREATE TABLE IF NOT EXISTS `category_description` (
  `category_id` int(11) NOT NULL,
  `language_id` int(11) NOT NULL,
  `name` varchar(255) COLLATE utf8_bin NOT NULL DEFAULT '',
  `description` text COLLATE utf8_bin NOT NULL,
  `meta_description` varchar(255) COLLATE utf8_bin NOT NULL,
  `meta_keyword` varchar(255) COLLATE utf8_bin NOT NULL,
  PRIMARY KEY (`category_id`,`language_id`),
  KEY `name` (`name`)
) ENGINE=MyISAM DEFAULT CHARSET=utf8 COLLATE=utf8_bin;

--
-- Дамп данных таблицы `category_description`
--

INSERT INTO `category_description` (`category_id`, `language_id`, `name`, `description`, `meta_description`, `meta_keyword`) VALUES
(68, 1, 'Промывочное масло', '', '', ''),
(68, 2, 'Промывочное масло', '', '', ''),
(69, 1, 'Воздушный фильтр', '', '', ''),
(64, 2, 'Другое', '', 'Другое', ''),
(63, 1, 'Авто жидкости', '', 'Автожидкости', ''),
(63, 2, 'Авто жидкости', '', 'Автожидкости', ''),
(60, 1, 'Фильтры', '', 'Фильтры', ''),
(59, 1, 'Oil', '', 'Масла', 'oil'),
(59, 2, 'Масла', '', 'Масла', ''),
(61, 2, 'Тормозная система', '', 'Тормозная система', ''),
(62, 1, 'Запчасти', '', 'Запчасти', ''),
(62, 2, 'Запчасти', '', 'Запчасти', ''),
(66, 2, 'Моторное масло', '', '', ''),
(67, 1, 'Трансмиссионное масло', '', '', ''),
(67, 2, 'Трансмиссионное масло', '', '', ''),
(69, 2, 'Воздушный фильтр', '', '', ''),
(70, 1, 'Маслянный фильтр', '', '', ''),
(70, 2, 'Маслянный фильтр', '', '', ''),
(71, 1, 'Топливный фильтр', '', '', ''),
(71, 2, 'Топливный фильтр', '', '', ''),
(72, 1, 'Фильтр салона', '', '', ''),
(72, 2, 'Фильтр салона', '', '', ''),
(73, 1, 'Тормозные колодки', '', '', ''),
(73, 2, 'Тормозные колодки', '', '', ''),
(74, 1, 'Тормозные диски', '', '', ''),
(74, 2, 'Тормозные диски', '', '', ''),
(75, 1, 'Ремни', '', '', ''),
(75, 2, 'Ремни', '', '', ''),
(76, 1, 'Лампы', '', '', ''),
(76, 2, 'Лампы', '', '', ''),
(77, 1, 'Антифриз и тосол', '', '', ''),
(77, 2, 'Антифриз и тосол', '', '', ''),
(78, 1, 'Тормозная жидкость', '', '', ''),
(78, 2, 'Тормозная жидкость', '', '', ''),
(79, 2, 'test', '', '', ''),
(79, 1, 'test', '', '', ''),
(64, 1, 'Другое', '', 'Другое', ''),
(66, 1, 'Моторное масло', '', '', ''),
(60, 2, 'Фильтры', '', 'Фильтры', ''),
(61, 1, 'Тормозная система', '', 'Тормозная система', '');

-- --------------------------------------------------------

--
-- Структура таблицы `category_to_layout`
--

CREATE TABLE IF NOT EXISTS `category_to_layout` (
  `category_id` int(11) NOT NULL,
  `store_id` int(11) NOT NULL,
  `layout_id` int(11) NOT NULL,
  PRIMARY KEY (`category_id`,`store_id`)
) ENGINE=MyISAM DEFAULT CHARSET=utf8 COLLATE=utf8_bin;

-- --------------------------------------------------------

--
-- Структура таблицы `category_to_store`
--

CREATE TABLE IF NOT EXISTS `category_to_store` (
  `category_id` int(11) NOT NULL,
  `store_id` int(11) NOT NULL,
  PRIMARY KEY (`category_id`,`store_id`)
) ENGINE=MyISAM DEFAULT CHARSET=utf8 COLLATE=utf8_bin;

--
-- Дамп данных таблицы `category_to_store`
--

INSERT INTO `category_to_store` (`category_id`, `store_id`) VALUES
(59, 0),
(60, 0),
(61, 0),
(62, 0),
(63, 0),
(64, 0),
(66, 0),
(67, 0),
(68, 0),
(69, 0),
(70, 0),
(71, 0),
(72, 0),
(73, 0),
(74, 0),
(75, 0),
(76, 0),
(77, 0),
(78, 0),
(79, 0);

-- --------------------------------------------------------

--
-- Структура таблицы `country`
--

CREATE TABLE IF NOT EXISTS `country` (
  `country_id` int(11) NOT NULL AUTO_INCREMENT,
  `name` varchar(128) COLLATE utf8_bin NOT NULL,
  `iso_code_2` varchar(2) COLLATE utf8_bin NOT NULL DEFAULT '',
  `iso_code_3` varchar(3) COLLATE utf8_bin NOT NULL DEFAULT '',
  `address_format` text COLLATE utf8_bin NOT NULL,
  `postcode_required` tinyint(1) NOT NULL,
  `status` tinyint(1) NOT NULL DEFAULT '1',
  PRIMARY KEY (`country_id`)
) ENGINE=MyISAM  DEFAULT CHARSET=utf8 COLLATE=utf8_bin AUTO_INCREMENT=3 ;

--
-- Дамп данных таблицы `country`
--

INSERT INTO `country` (`country_id`, `name`, `iso_code_2`, `iso_code_3`, `address_format`, `postcode_required`, `status`) VALUES
(2, 'Україна', 'UA', 'UKR', '', 0, 1);

-- --------------------------------------------------------

--
-- Структура таблицы `coupon`
--

CREATE TABLE IF NOT EXISTS `coupon` (
  `coupon_id` int(11) NOT NULL AUTO_INCREMENT,
  `name` varchar(128) COLLATE utf8_bin NOT NULL,
  `code` varchar(10) COLLATE utf8_bin NOT NULL,
  `type` char(1) COLLATE utf8_bin NOT NULL,
  `discount` decimal(15,4) NOT NULL,
  `logged` tinyint(1) NOT NULL,
  `shipping` tinyint(1) NOT NULL,
  `total` decimal(15,4) NOT NULL,
  `date_start` date NOT NULL DEFAULT '0000-00-00',
  `date_end` date NOT NULL DEFAULT '0000-00-00',
  `uses_total` int(11) NOT NULL,
  `uses_customer` varchar(11) COLLATE utf8_bin NOT NULL,
  `status` tinyint(1) NOT NULL,
  `date_added` datetime NOT NULL DEFAULT '0000-00-00 00:00:00',
  PRIMARY KEY (`coupon_id`)
) ENGINE=MyISAM  DEFAULT CHARSET=utf8 COLLATE=utf8_bin AUTO_INCREMENT=7 ;

--
-- Дамп данных таблицы `coupon`
--

INSERT INTO `coupon` (`coupon_id`, `name`, `code`, `type`, `discount`, `logged`, `shipping`, `total`, `date_start`, `date_end`, `uses_total`, `uses_customer`, `status`, `date_added`) VALUES
(4, '-10% Discount', '2222', 'P', '10.0000', 0, 0, '0.0000', '2011-01-01', '2012-01-01', 10, '10', 1, '2009-01-27 13:55:03'),
(5, 'Free Shipping', '3333', 'P', '0.0000', 0, 1, '100.0000', '2009-03-01', '2009-08-31', 10, '10', 1, '2009-03-14 21:13:53'),
(6, '-10.00 Discount', '1111', 'F', '10.0000', 0, 0, '10.0000', '1970-11-01', '2020-11-01', 100000, '10000', 1, '2009-03-14 21:15:18');

-- --------------------------------------------------------

--
-- Структура таблицы `coupon_history`
--

CREATE TABLE IF NOT EXISTS `coupon_history` (
  `coupon_history_id` int(11) NOT NULL AUTO_INCREMENT,
  `coupon_id` int(11) NOT NULL,
  `order_id` int(11) NOT NULL,
  `customer_id` int(11) NOT NULL,
  `amount` decimal(15,4) NOT NULL,
  `date_added` datetime NOT NULL,
  PRIMARY KEY (`coupon_history_id`)
) ENGINE=MyISAM DEFAULT CHARSET=utf8 COLLATE=utf8_bin AUTO_INCREMENT=1 ;

-- --------------------------------------------------------

--
-- Структура таблицы `coupon_product`
--

CREATE TABLE IF NOT EXISTS `coupon_product` (
  `coupon_product_id` int(11) NOT NULL AUTO_INCREMENT,
  `coupon_id` int(11) NOT NULL,
  `product_id` int(11) NOT NULL,
  PRIMARY KEY (`coupon_product_id`)
) ENGINE=MyISAM DEFAULT CHARSET=utf8 COLLATE=utf8_bin AUTO_INCREMENT=1 ;

-- --------------------------------------------------------

--
-- Структура таблицы `currency`
--

CREATE TABLE IF NOT EXISTS `currency` (
  `currency_id` int(11) NOT NULL AUTO_INCREMENT,
  `title` varchar(32) COLLATE utf8_bin NOT NULL DEFAULT '',
  `code` varchar(3) COLLATE utf8_bin NOT NULL DEFAULT '',
  `symbol_left` varchar(12) COLLATE utf8_bin NOT NULL,
  `symbol_right` varchar(12) COLLATE utf8_bin NOT NULL,
  `decimal_place` char(1) COLLATE utf8_bin NOT NULL,
  `value` float(15,8) NOT NULL,
  `status` tinyint(1) NOT NULL,
  `date_modified` datetime NOT NULL DEFAULT '0000-00-00 00:00:00',
  PRIMARY KEY (`currency_id`)
) ENGINE=MyISAM  DEFAULT CHARSET=utf8 COLLATE=utf8_bin AUTO_INCREMENT=5 ;

--
-- Дамп данных таблицы `currency`
--

INSERT INTO `currency` (`currency_id`, `title`, `code`, `symbol_left`, `symbol_right`, `decimal_place`, `value`, `status`, `date_modified`) VALUES
(4, 'Гривня', 'UAH', '₴', 'грн.', '2', 1.00000000, 1, '2014-09-14 13:03:01');

-- --------------------------------------------------------

--
-- Структура таблицы `customer`
--

CREATE TABLE IF NOT EXISTS `customer` (
  `customer_id` int(11) NOT NULL AUTO_INCREMENT,
  `store_id` int(11) NOT NULL DEFAULT '0',
  `firstname` varchar(32) COLLATE utf8_bin NOT NULL DEFAULT '',
  `lastname` varchar(32) COLLATE utf8_bin NOT NULL DEFAULT '',
  `email` varchar(96) COLLATE utf8_bin NOT NULL DEFAULT '',
  `telephone` varchar(32) COLLATE utf8_bin NOT NULL DEFAULT '',
  `fax` varchar(32) COLLATE utf8_bin NOT NULL DEFAULT '',
  `password` varchar(40) COLLATE utf8_bin NOT NULL DEFAULT '',
  `salt` varchar(9) COLLATE utf8_bin NOT NULL DEFAULT '',
  `cart` text COLLATE utf8_bin,
  `wishlist` text COLLATE utf8_bin,
  `newsletter` tinyint(1) NOT NULL DEFAULT '0',
  `address_id` int(11) NOT NULL DEFAULT '0',
  `customer_group_id` int(11) NOT NULL,
  `ip` varchar(40) COLLATE utf8_bin NOT NULL DEFAULT '0',
  `status` tinyint(1) NOT NULL,
  `approved` tinyint(1) NOT NULL,
  `token` varchar(255) COLLATE utf8_bin NOT NULL,
  `date_added` datetime NOT NULL DEFAULT '0000-00-00 00:00:00',
  PRIMARY KEY (`customer_id`)
) ENGINE=MyISAM  DEFAULT CHARSET=utf8 COLLATE=utf8_bin AUTO_INCREMENT=17 ;

-- --------------------------------------------------------

--
-- Структура таблицы `customer_group`
--

CREATE TABLE IF NOT EXISTS `customer_group` (
  `customer_group_id` int(11) NOT NULL AUTO_INCREMENT,
  `approval` int(1) NOT NULL,
  `company_id_display` int(1) NOT NULL,
  `company_id_required` int(1) NOT NULL,
  `tax_id_display` int(1) NOT NULL,
  `tax_id_required` int(1) NOT NULL,
  `sort_order` int(3) NOT NULL,
  PRIMARY KEY (`customer_group_id`)
) ENGINE=MyISAM  DEFAULT CHARSET=utf8 COLLATE=utf8_bin AUTO_INCREMENT=2 ;

--
-- Дамп данных таблицы `customer_group`
--

INSERT INTO `customer_group` (`customer_group_id`, `approval`, `company_id_display`, `company_id_required`, `tax_id_display`, `tax_id_required`, `sort_order`) VALUES
(1, 0, 1, 0, 0, 1, 1);

-- --------------------------------------------------------

--
-- Структура таблицы `customer_group_description`
--

CREATE TABLE IF NOT EXISTS `customer_group_description` (
  `customer_group_id` int(11) NOT NULL,
  `language_id` int(11) NOT NULL,
  `name` varchar(32) COLLATE utf8_bin NOT NULL,
  `description` text COLLATE utf8_bin NOT NULL,
  PRIMARY KEY (`customer_group_id`,`language_id`)
) ENGINE=MyISAM DEFAULT CHARSET=utf8 COLLATE=utf8_bin;

--
-- Дамп данных таблицы `customer_group_description`
--

INSERT INTO `customer_group_description` (`customer_group_id`, `language_id`, `name`, `description`) VALUES
(1, 1, 'Default', 'test'),
(1, 2, 'Default', 'test');

-- --------------------------------------------------------

--
-- Структура таблицы `customer_ip`
--

CREATE TABLE IF NOT EXISTS `customer_ip` (
  `customer_ip_id` int(11) NOT NULL AUTO_INCREMENT,
  `customer_id` int(11) NOT NULL,
  `ip` varchar(40) COLLATE utf8_bin NOT NULL,
  `date_added` datetime NOT NULL,
  PRIMARY KEY (`customer_ip_id`),
  KEY `ip` (`ip`)
) ENGINE=MyISAM  DEFAULT CHARSET=utf8 COLLATE=utf8_bin AUTO_INCREMENT=16 ;

-- --------------------------------------------------------

--
-- Структура таблицы `customer_ip_blacklist`
--

CREATE TABLE IF NOT EXISTS `customer_ip_blacklist` (
  `customer_ip_blacklist_id` int(11) NOT NULL AUTO_INCREMENT,
  `ip` varchar(40) COLLATE utf8_bin NOT NULL,
  PRIMARY KEY (`customer_ip_blacklist_id`),
  KEY `ip` (`ip`)
) ENGINE=MyISAM DEFAULT CHARSET=utf8 COLLATE=utf8_bin AUTO_INCREMENT=1 ;

-- --------------------------------------------------------

--
-- Структура таблицы `customer_online`
--

CREATE TABLE IF NOT EXISTS `customer_online` (
  `ip` varchar(40) COLLATE utf8_bin NOT NULL,
  `customer_id` int(11) NOT NULL,
  `url` text COLLATE utf8_bin NOT NULL,
  `referer` text COLLATE utf8_bin NOT NULL,
  `date_added` datetime NOT NULL,
  PRIMARY KEY (`ip`)
) ENGINE=InnoDB DEFAULT CHARSET=utf8 COLLATE=utf8_bin;

-- --------------------------------------------------------

--
-- Структура таблицы `customer_reward`
--

CREATE TABLE IF NOT EXISTS `customer_reward` (
  `customer_reward_id` int(11) NOT NULL AUTO_INCREMENT,
  `customer_id` int(11) NOT NULL DEFAULT '0',
  `order_id` int(11) NOT NULL DEFAULT '0',
  `description` text COLLATE utf8_bin NOT NULL,
  `points` int(8) NOT NULL DEFAULT '0',
  `date_added` datetime NOT NULL DEFAULT '0000-00-00 00:00:00',
  PRIMARY KEY (`customer_reward_id`)
) ENGINE=MyISAM DEFAULT CHARSET=utf8 COLLATE=utf8_bin AUTO_INCREMENT=1 ;

-- --------------------------------------------------------

--
-- Структура таблицы `customer_transaction`
--

CREATE TABLE IF NOT EXISTS `customer_transaction` (
  `customer_transaction_id` int(11) NOT NULL AUTO_INCREMENT,
  `customer_id` int(11) NOT NULL,
  `order_id` int(11) NOT NULL,
  `description` text COLLATE utf8_bin NOT NULL,
  `amount` decimal(15,4) NOT NULL,
  `date_added` datetime NOT NULL,
  PRIMARY KEY (`customer_transaction_id`)
) ENGINE=MyISAM DEFAULT CHARSET=utf8 COLLATE=utf8_bin AUTO_INCREMENT=1 ;

-- --------------------------------------------------------

--
-- Структура таблицы `download`
--

CREATE TABLE IF NOT EXISTS `download` (
  `download_id` int(11) NOT NULL AUTO_INCREMENT,
  `filename` varchar(128) COLLATE utf8_bin NOT NULL DEFAULT '',
  `mask` varchar(128) COLLATE utf8_bin NOT NULL DEFAULT '',
  `remaining` int(11) NOT NULL DEFAULT '0',
  `date_added` datetime NOT NULL DEFAULT '0000-00-00 00:00:00',
  PRIMARY KEY (`download_id`)
) ENGINE=MyISAM DEFAULT CHARSET=utf8 COLLATE=utf8_bin AUTO_INCREMENT=1 ;

-- --------------------------------------------------------

--
-- Структура таблицы `download_description`
--

CREATE TABLE IF NOT EXISTS `download_description` (
  `download_id` int(11) NOT NULL,
  `language_id` int(11) NOT NULL,
  `name` varchar(64) COLLATE utf8_bin NOT NULL DEFAULT '',
  PRIMARY KEY (`download_id`,`language_id`)
) ENGINE=MyISAM DEFAULT CHARSET=utf8 COLLATE=utf8_bin;

-- --------------------------------------------------------

--
-- Структура таблицы `extension`
--

CREATE TABLE IF NOT EXISTS `extension` (
  `extension_id` int(11) NOT NULL AUTO_INCREMENT,
  `type` varchar(32) COLLATE utf8_bin NOT NULL,
  `code` varchar(32) COLLATE utf8_bin NOT NULL,
  PRIMARY KEY (`extension_id`)
) ENGINE=MyISAM  DEFAULT CHARSET=utf8 COLLATE=utf8_bin AUTO_INCREMENT=438 ;

--
-- Дамп данных таблицы `extension`
--

INSERT INTO `extension` (`extension_id`, `type`, `code`) VALUES
(23, 'payment', 'cod'),
(22, 'total', 'shipping'),
(57, 'total', 'sub_total'),
(58, 'total', 'tax'),
(59, 'total', 'total'),
(410, 'module', 'banner'),
(426, 'module', 'carousel'),
(390, 'total', 'credit'),
(387, 'shipping', 'flat'),
(349, 'total', 'handling'),
(350, 'total', 'low_order_fee'),
(389, 'total', 'coupon'),
(413, 'module', 'category'),
(411, 'module', 'affiliate'),
(408, 'module', 'account'),
(393, 'total', 'reward'),
(398, 'total', 'voucher'),
(407, 'payment', 'free_checkout'),
(427, 'module', 'featured'),
(419, 'module', 'slideshow'),
(429, 'shipping', 'pickup'),
(431, 'shipping', 'usps'),
(432, 'shipping', 'royal_mail'),
(433, 'payment', 'nalogenniy_np'),
(434, 'payment', 'bank_transfer'),
(436, 'shipping', 'novaposhta'),
(437, 'module', 'filterpro');

-- --------------------------------------------------------

--
-- Структура таблицы `geo_zone`
--

CREATE TABLE IF NOT EXISTS `geo_zone` (
  `geo_zone_id` int(11) NOT NULL AUTO_INCREMENT,
  `name` varchar(32) COLLATE utf8_bin NOT NULL DEFAULT '',
  `description` varchar(255) COLLATE utf8_bin NOT NULL DEFAULT '',
  `date_modified` datetime NOT NULL DEFAULT '0000-00-00 00:00:00',
  `date_added` datetime NOT NULL DEFAULT '0000-00-00 00:00:00',
  PRIMARY KEY (`geo_zone_id`)
) ENGINE=MyISAM  DEFAULT CHARSET=utf8 COLLATE=utf8_bin AUTO_INCREMENT=5 ;

--
-- Дамп данных таблицы `geo_zone`
--

INSERT INTO `geo_zone` (`geo_zone_id`, `name`, `description`, `date_modified`, `date_added`) VALUES
(3, 'UK VAT Zone', 'UK VAT', '2010-02-26 22:33:24', '2009-01-06 23:26:25'),
(4, 'UK Shipping', 'UK Shipping Zones', '2010-12-15 15:18:13', '2009-06-23 01:14:53');

-- --------------------------------------------------------

--
-- Структура таблицы `information`
--

CREATE TABLE IF NOT EXISTS `information` (
  `information_id` int(11) NOT NULL AUTO_INCREMENT,
  `bottom` int(1) NOT NULL DEFAULT '0',
  `sort_order` int(3) NOT NULL DEFAULT '0',
  `status` tinyint(1) NOT NULL DEFAULT '1',
  PRIMARY KEY (`information_id`)
) ENGINE=MyISAM  DEFAULT CHARSET=utf8 COLLATE=utf8_bin AUTO_INCREMENT=11 ;

--
-- Дамп данных таблицы `information`
--

INSERT INTO `information` (`information_id`, `bottom`, `sort_order`, `status`) VALUES
(3, 1, 3, 0),
(4, 1, 1, 0),
(5, 1, 4, 0),
(7, 1, 1, 1),
(8, 1, 2, 1),
(9, 1, 3, 1),
(10, 1, 4, 1);

-- --------------------------------------------------------

--
-- Структура таблицы `information_description`
--

CREATE TABLE IF NOT EXISTS `information_description` (
  `information_id` int(11) NOT NULL,
  `language_id` int(11) NOT NULL,
  `title` varchar(64) COLLATE utf8_bin NOT NULL DEFAULT '',
  `description` text COLLATE utf8_bin NOT NULL,
  PRIMARY KEY (`information_id`,`language_id`)
) ENGINE=MyISAM DEFAULT CHARSET=utf8 COLLATE=utf8_bin;

--
-- Дамп данных таблицы `information_description`
--

INSERT INTO `information_description` (`information_id`, `language_id`, `title`, `description`) VALUES
(4, 2, 'About Us', '&lt;p&gt;\r\n	About Us&lt;/p&gt;\r\n'),
(5, 2, 'Terms &amp; Conditions', '&lt;p&gt;\r\n	Terms &amp;amp; Conditions&lt;/p&gt;\r\n'),
(7, 2, 'Доставка и оплата', '&lt;p&gt;\r\n	&lt;span style=&quot;font-family: Arial, Helvetica, Tahoma, Verdana, sans-serif; font-size: 16px;&quot;&gt;Lorem ipsum dolor sit amet, consectetuer adipiscing elit. Maecenas feugiat consequat diam. Maecenas metus. Vivamus diam purus, cursus a, commodo non, facilisis vitae, nulla. Aenean dictum lacinia tortor. Nunc iaculis, nibh non iaculis aliquam, orci felis euismod neque, sed ornare massa mauris sed velit. Nulla pretium mi et risus. Fusce mi pede, tempor id, cursus ac, ullamcorper nec, enim. Sed tortor. Curabitur molestie. Duis velit augue, condimentum at, ultrices a, luctus ut, orci. Donec pellentesque egestas eros. Integer cursus, augue in cursus faucibus, eros pede bibendum sem, in tempus tellus justo quis ligula. Etiam eget tortor. Vestibulum rutrum, est ut placerat elementum, lectus nisl aliquam velit, tempor aliquam eros nunc nonummy metus. In eros metus, gravida a, gravida sed, lobortis id, turpis. Ut ultrices, ipsum at venenatis fringilla, sem nulla lacinia tellus, eget aliquet turpis mauris non enim. Nam turpis. Suspendisse lacinia. Curabitur ac tortor ut ipsum egestas elementum. Nunc imperdiet gravida mauris.&lt;/span&gt;&lt;/p&gt;\r\n&lt;p&gt;\r\n	&lt;span style=&quot;font-family: Arial, Helvetica, Tahoma, Verdana, sans-serif; font-size: 16px;&quot;&gt;Lorem ipsum dolor sit amet, consectetuer adipiscing elit. Maecenas feugiat consequat diam. Maecenas metus. Vivamus diam purus, cursus a, commodo non, facilisis vitae, nulla. Aenean dictum lacinia tortor. Nunc iaculis, nibh non iaculis aliquam, orci felis euismod neque, sed ornare massa mauris sed velit. Nulla pretium mi et risus. Fusce mi pede, tempor id, cursus ac, ullamcorper nec, enim. Sed tortor. Curabitur molestie. Duis velit augue, condimentum at, ultrices a, luctus ut, orci. Donec pellentesque egestas eros. Integer cursus, augue in cursus faucibus, eros pede bibendum sem, in tempus tellus justo quis ligula. Etiam eget tortor. Vestibulum rutrum, est ut placerat elementum, lectus nisl aliquam velit, tempor aliquam eros nunc nonummy metus. In eros metus, gravida a, gravida sed, lobortis id, turpis. Ut ultrices, ipsum at venenatis fringilla, sem nulla lacinia tellus, eget aliquet turpis mauris non enim. Nam turpis. Suspendisse lacinia. Curabitur ac tortor ut ipsum egestas elementum. Nunc imperdiet gravida mauris.&lt;/span&gt;&lt;/p&gt;\r\n'),
(4, 1, 'About Us', '&lt;p&gt;\r\n	About Us&lt;/p&gt;\r\n'),
(5, 1, 'Terms &amp; Conditions', '&lt;p&gt;\r\n	Terms &amp;amp; Conditions&lt;/p&gt;\r\n'),
(3, 1, 'Privacy Policy', '&lt;p&gt;\r\n	Privacy Policy&lt;/p&gt;\r\n'),
(3, 2, 'Privacy Policy', '&lt;p&gt;\r\n	Privacy Policy&lt;/p&gt;\r\n'),
(7, 1, 'Доставка и оплата', '&lt;p&gt;\r\n	ololo&lt;/p&gt;\r\n'),
(8, 2, 'Статьи', '&lt;p&gt;\r\n	&lt;span style=&quot;font-family: Arial, Helvetica, Tahoma, Verdana, sans-serif; font-size: 16px;&quot;&gt;Lorem ipsum dolor sit amet, consectetuer adipiscing elit. Maecenas feugiat consequat diam. Maecenas metus. Vivamus diam purus, cursus a, commodo non, facilisis vitae, nulla. Aenean dictum lacinia tortor. Nunc iaculis, nibh non iaculis aliquam, orci felis euismod neque, sed ornare massa mauris sed velit. Nulla pretium mi et risus. Fusce mi pede, tempor id, cursus ac, ullamcorper nec, enim. Sed tortor. Curabitur molestie. Duis velit augue, condimentum at, ultrices a, luctus ut, orci. Donec pellentesque egestas eros. Integer cursus, augue in cursus faucibus, eros pede bibendum sem, in tempus tellus justo quis ligula. Etiam eget tortor. Vestibulum rutrum, est ut placerat elementum, lectus nisl aliquam velit, tempor aliquam eros nunc nonummy metus. In eros metus, gravida a, gravida sed, lobortis id, turpis. Ut ultrices, ipsum at venenatis fringilla, sem nulla lacinia tellus, eget aliquet turpis mauris non enim. Nam turpis. Suspendisse lacinia. Curabitur ac tortor ut ipsum egestas elementum. Nunc imperdiet gravida mauris.&lt;/span&gt;&lt;/p&gt;\r\n'),
(9, 2, 'Получите скидку', '&lt;p&gt;\r\n	&lt;span style=&quot;font-family: Arial, Helvetica, Tahoma, Verdana, sans-serif; font-size: 16px;&quot;&gt;Lorem ipsum dolor sit amet, consectetuer adipiscing elit. Maecenas feugiat consequat diam. Maecenas metus. Vivamus diam purus, cursus a, commodo non, facilisis vitae, nulla. Aenean dictum lacinia tortor. Nunc iaculis, nibh non iaculis aliquam, orci felis euismod neque, sed ornare massa mauris sed velit. Nulla pretium mi et risus. Fusce mi pede, tempor id, cursus ac, ullamcorper nec, enim. Sed tortor. Curabitur molestie. Duis velit augue, condimentum at, ultrices a, luctus ut, orci. Donec pellentesque egestas eros. Integer cursus, augue in cursus faucibus, eros pede bibendum sem, in tempus tellus justo quis ligula. Etiam eget tortor. Vestibulum rutrum, est ut placerat elementum, lectus nisl aliquam velit, tempor aliquam eros nunc nonummy metus. In eros metus, gravida a, gravida sed, lobortis id, turpis. Ut ultrices, ipsum at venenatis fringilla, sem nulla lacinia tellus, eget aliquet turpis mauris non enim. Nam turpis. Suspendisse lacinia. Curabitur ac tortor ut ipsum egestas elementum. Nunc imperdiet gravida mauris.&lt;/span&gt;&lt;/p&gt;\r\n&lt;p&gt;\r\n	&lt;span style=&quot;font-family: Arial, Helvetica, Tahoma, Verdana, sans-serif; font-size: 16px;&quot;&gt;Lorem ipsum dolor sit amet, consectetuer adipiscing elit. Maecenas feugiat consequat diam. Maecenas metus. Vivamus diam purus, cursus a, commodo non, facilisis vitae, nulla. Aenean dictum lacinia tortor. Nunc iaculis, nibh non iaculis aliquam, orci felis euismod neque, sed ornare massa mauris sed velit. Nulla pretium mi et risus. Fusce mi pede, tempor id, cursus ac, ullamcorper nec, enim. Sed tortor. Curabitur molestie. Duis velit augue, condimentum at, ultrices a, luctus ut, orci. Donec pellentesque egestas eros. Integer cursus, augue in cursus faucibus, eros pede bibendum sem, in tempus tellus justo quis ligula. Etiam eget tortor. Vestibulum rutrum, est ut placerat elementum, lectus nisl aliquam velit, tempor aliquam eros nunc nonummy metus. In eros metus, gravida a, gravida sed, lobortis id, turpis. Ut ultrices, ipsum at venenatis fringilla, sem nulla lacinia tellus, eget aliquet turpis mauris non enim. Nam turpis. Suspendisse lacinia. Curabitur ac tortor ut ipsum egestas elementum. Nunc imperdiet gravida mauris.&lt;/span&gt;&lt;/p&gt;\r\n'),
(9, 1, 'Получите скидку', '&lt;p&gt;\r\n	Получите скидку&lt;/p&gt;\r\n'),
(8, 1, 'Статьи', '&lt;p&gt;\r\n	Статьи&lt;/p&gt;\r\n&lt;p&gt;\r\n	івфів&lt;/p&gt;\r\n&lt;p&gt;\r\n	&amp;nbsp;&lt;/p&gt;\r\n&lt;p&gt;\r\n	&amp;nbsp;&lt;/p&gt;\r\n&lt;p&gt;\r\n	&amp;nbsp;&lt;/p&gt;\r\n&lt;p&gt;\r\n	іфв&lt;/p&gt;\r\n&lt;p&gt;\r\n	афві&lt;/p&gt;\r\n&lt;p&gt;\r\n	фвіафівафвіаіфв&lt;/p&gt;\r\n&lt;p&gt;\r\n	фвіа&lt;/p&gt;\r\n&lt;p&gt;\r\n	фвіа&lt;/p&gt;\r\n&lt;p&gt;\r\n	фів&lt;/p&gt;\r\n&lt;p&gt;\r\n	фів&lt;/p&gt;\r\n&lt;p&gt;\r\n	фвіа&lt;/p&gt;\r\n'),
(10, 1, 'О нас', '&lt;p&gt;\r\n	О нас&lt;/p&gt;\r\n'),
(10, 2, 'О нас', '&lt;p&gt;\r\n	&lt;em&gt;&lt;strong&gt;&lt;span style=&quot;font-size:48px;&quot;&gt;&lt;span style=&quot;font-family:arial,helvetica,sans-serif;&quot;&gt;О нас&lt;/span&gt;&lt;/span&gt;&lt;/strong&gt;&lt;/em&gt;&lt;/p&gt;\r\n&lt;p&gt;\r\n	&lt;img alt=&quot;&quot; src=&quot;http://test-al.ua/image/data/brakes.png&quot; style=&quot;width: 65px; height: 85px;&quot; /&gt;&lt;span style=&quot;color: rgb(0, 0, 0); font-family: Arial, Helvetica, Tahoma, Verdana, sans-serif;&quot;&gt;Lorem ipsum dolor sit amet, consectetuer adipiscing elit. Maecenas feugiat consequat diam. Maecenas metus. Vivamus diam purus, cursus a, commodo non, facilisis vitae, nulla. Aenean dictum lacinia tortor. Nunc iaculis, nibh non iaculis aliquam, orci felis euismod neque, sed ornare massa mauris sed velit. Nulla pretium mi et risus. Fusce mi pede, tempor id, cursus ac, ullamcorper nec, enim. Sed tortor. Curabitur molestie. Duis velit augue, condimentum at, ultrices a, luctus ut, orci. Donec pellentesque egestas eros. Integer cursus, augue in cursus faucibus, eros pede bibendum sem, in tempus tellus justo quis ligula. Etiam eget tortor. Vestibulum rutrum, est ut placerat elementum, lectus nisl aliquam velit, tempor aliquam eros nunc nonummy metus. In eros metus, gravida a, gravida sed, lobortis id, turpis. Ut ultrices, ipsum at venenatis fringilla, sem nulla lacinia tellus, eget aliquet turpis mauris non enim. Nam turpis. Suspendisse lacinia. Curabitur ac tortor ut ipsum egestas elementum. Nunc imperdiet gravida mauris.&lt;/span&gt;&lt;/p&gt;\r\n&lt;p&gt;\r\n	&lt;span style=&quot;color: rgb(0, 0, 0); font-family: Arial, Helvetica, Tahoma, Verdana, sans-serif;&quot;&gt;\\&lt;/span&gt;&lt;span style=&quot;color: rgb(0, 0, 0); font-family: Arial, Helvetica, Tahoma, Verdana, sans-serif;&quot;&gt;Lorem ipsum dolor sit amet, consectetuer adipiscing elit. Maecenas feugiat consequat diam. Maecenas metus. Vivamus diam purus, cursus a, commodo non, facilisis vitae, nulla. Aenean dictum lacinia tortor. Nunc iaculis, nibh non iaculis aliquam, orci felis euismod neque, sed ornare massa mauris sed velit. Nulla pretium mi et risus. Fusce mi pede, tempor id, cursus ac, ullamcorper nec, enim. Sed tortor. Curabitur molestie. Duis velit augue, condimentum at, ultrices a, luctus ut, orci. Donec pellentesque egestas eros. Integer cursus, augue in cursus faucibus, eros pede bibendum sem, in tempus tellus justo quis ligula. Etiam eget tortor. Vestibulum rutrum, est ut placerat elementum, lectus nisl aliquam velit, tempor aliquam eros nunc nonummy metus. In eros metus, gravida a, gravida sed, lobortis id, turpis. Ut ultrices, ipsum at venenatis fringilla, sem nulla lacinia tellus, eget aliquet turpis mauris non enim. Nam turpis. Suspendisse lacinia. Curabitur ac tortor ut ipsum egestas elementum. Nunc imperdiet gravida mauris.&lt;/span&gt;&lt;/p&gt;\r\n');

-- --------------------------------------------------------

--
-- Структура таблицы `information_to_layout`
--

CREATE TABLE IF NOT EXISTS `information_to_layout` (
  `information_id` int(11) NOT NULL,
  `store_id` int(11) NOT NULL,
  `layout_id` int(11) NOT NULL,
  PRIMARY KEY (`information_id`,`store_id`)
) ENGINE=MyISAM DEFAULT CHARSET=utf8 COLLATE=utf8_bin;

-- --------------------------------------------------------

--
-- Структура таблицы `information_to_store`
--

CREATE TABLE IF NOT EXISTS `information_to_store` (
  `information_id` int(11) NOT NULL,
  `store_id` int(11) NOT NULL,
  PRIMARY KEY (`information_id`,`store_id`)
) ENGINE=MyISAM DEFAULT CHARSET=utf8 COLLATE=utf8_bin;

--
-- Дамп данных таблицы `information_to_store`
--

INSERT INTO `information_to_store` (`information_id`, `store_id`) VALUES
(3, 0),
(4, 0),
(5, 0),
(7, 0),
(8, 0),
(9, 0),
(10, 0);

-- --------------------------------------------------------

--
-- Структура таблицы `language`
--

CREATE TABLE IF NOT EXISTS `language` (
  `language_id` int(11) NOT NULL AUTO_INCREMENT,
  `name` varchar(32) COLLATE utf8_bin NOT NULL DEFAULT '',
  `code` varchar(5) COLLATE utf8_bin NOT NULL,
  `locale` varchar(255) COLLATE utf8_bin NOT NULL,
  `image` varchar(64) COLLATE utf8_bin NOT NULL,
  `directory` varchar(32) COLLATE utf8_bin NOT NULL DEFAULT '',
  `filename` varchar(64) COLLATE utf8_bin NOT NULL DEFAULT '',
  `sort_order` int(3) NOT NULL DEFAULT '0',
  `status` tinyint(1) NOT NULL,
  PRIMARY KEY (`language_id`),
  KEY `name` (`name`)
) ENGINE=MyISAM  DEFAULT CHARSET=utf8 COLLATE=utf8_bin AUTO_INCREMENT=3 ;

--
-- Дамп данных таблицы `language`
--

INSERT INTO `language` (`language_id`, `name`, `code`, `locale`, `image`, `directory`, `filename`, `sort_order`, `status`) VALUES
(1, 'English', 'en', 'en_US.UTF-8,en_US,en-gb,english', 'gb.png', 'english', 'english', 1, 1),
(2, 'Русский', 'ru', 'ru_RU.UTF-8,ru_RU,ru-ru,russian', 'ru.png', 'russian', 'russian', 2, 1);

-- --------------------------------------------------------

--
-- Структура таблицы `layout`
--

CREATE TABLE IF NOT EXISTS `layout` (
  `layout_id` int(11) NOT NULL AUTO_INCREMENT,
  `name` varchar(64) COLLATE utf8_bin NOT NULL,
  PRIMARY KEY (`layout_id`)
) ENGINE=MyISAM  DEFAULT CHARSET=utf8 COLLATE=utf8_bin AUTO_INCREMENT=13 ;

--
-- Дамп данных таблицы `layout`
--

INSERT INTO `layout` (`layout_id`, `name`) VALUES
(1, 'Home'),
(2, 'Product'),
(3, 'Category'),
(4, 'Default'),
(5, 'Manufacturer'),
(6, 'Account'),
(7, 'Checkout'),
(8, 'Contact'),
(9, 'Sitemap'),
(10, 'Affiliate'),
(11, 'Information'),
(12, 'FilterPro');

-- --------------------------------------------------------

--
-- Структура таблицы `layout_route`
--

CREATE TABLE IF NOT EXISTS `layout_route` (
  `layout_route_id` int(11) NOT NULL AUTO_INCREMENT,
  `layout_id` int(11) NOT NULL,
  `store_id` int(11) NOT NULL,
  `route` varchar(255) COLLATE utf8_bin NOT NULL,
  PRIMARY KEY (`layout_route_id`)
) ENGINE=MyISAM  DEFAULT CHARSET=utf8 COLLATE=utf8_bin AUTO_INCREMENT=33 ;

--
-- Дамп данных таблицы `layout_route`
--

INSERT INTO `layout_route` (`layout_route_id`, `layout_id`, `store_id`, `route`) VALUES
(30, 6, 0, 'account'),
(17, 10, 0, 'affiliate/'),
(29, 3, 0, 'product/category'),
(26, 1, 0, 'common/home'),
(20, 2, 0, 'product/product'),
(24, 11, 0, 'information/information'),
(22, 5, 0, 'product/manufacturer'),
(23, 7, 0, 'checkout/'),
(31, 8, 0, 'information/contact'),
(32, 12, 0, 'product/filter');

-- --------------------------------------------------------

--
-- Структура таблицы `length_class`
--

CREATE TABLE IF NOT EXISTS `length_class` (
  `length_class_id` int(11) NOT NULL AUTO_INCREMENT,
  `value` decimal(15,8) NOT NULL,
  PRIMARY KEY (`length_class_id`)
) ENGINE=MyISAM  DEFAULT CHARSET=utf8 COLLATE=utf8_bin AUTO_INCREMENT=7 ;

--
-- Дамп данных таблицы `length_class`
--

INSERT INTO `length_class` (`length_class_id`, `value`) VALUES
(1, '1.00000000'),
(2, '10.00000000'),
(3, '0.39370000'),
(4, '1.00000000'),
(5, '10.00000000'),
(6, '0.39370000');

-- --------------------------------------------------------

--
-- Структура таблицы `length_class_description`
--

CREATE TABLE IF NOT EXISTS `length_class_description` (
  `length_class_id` int(11) NOT NULL AUTO_INCREMENT,
  `language_id` int(11) NOT NULL,
  `title` varchar(32) COLLATE utf8_bin NOT NULL,
  `unit` varchar(4) COLLATE utf8_bin NOT NULL,
  PRIMARY KEY (`length_class_id`,`language_id`)
) ENGINE=MyISAM  DEFAULT CHARSET=utf8 COLLATE=utf8_bin AUTO_INCREMENT=7 ;

--
-- Дамп данных таблицы `length_class_description`
--

INSERT INTO `length_class_description` (`length_class_id`, `language_id`, `title`, `unit`) VALUES
(1, 1, 'Centimeter', 'cm'),
(2, 1, 'Millimeter', 'mm'),
(3, 1, 'Inch', 'in'),
(4, 2, 'Сантиметр', 'cm'),
(5, 2, 'Миллиметр', 'mm'),
(6, 2, 'Дюйм', 'in');

-- --------------------------------------------------------

--
-- Структура таблицы `manufacturer`
--

CREATE TABLE IF NOT EXISTS `manufacturer` (
  `manufacturer_id` int(11) NOT NULL AUTO_INCREMENT,
  `name` varchar(64) COLLATE utf8_bin NOT NULL DEFAULT '',
  `image` varchar(255) COLLATE utf8_bin DEFAULT NULL,
  `sort_order` int(3) NOT NULL,
  PRIMARY KEY (`manufacturer_id`)
) ENGINE=MyISAM  DEFAULT CHARSET=utf8 COLLATE=utf8_bin AUTO_INCREMENT=11 ;

--
-- Дамп данных таблицы `manufacturer`
--

INSERT INTO `manufacturer` (`manufacturer_id`, `name`, `image`, `sort_order`) VALUES
(5, 'HTC', 'data/demo/htc_logo.jpg', 0),
(6, 'Palm', 'data/demo/palm_logo.jpg', 0),
(7, 'Hewlett-Packard', 'data/demo/hp_logo.jpg', 0),
(8, 'Apple', 'data/demo/apple_logo.jpg', 0),
(9, 'Canon', 'data/demo/canon_logo.jpg', 0),
(10, 'Sony', 'data/demo/sony_logo.jpg', 0);

-- --------------------------------------------------------

--
-- Структура таблицы `manufacturer_to_store`
--

CREATE TABLE IF NOT EXISTS `manufacturer_to_store` (
  `manufacturer_id` int(11) NOT NULL,
  `store_id` int(11) NOT NULL,
  PRIMARY KEY (`manufacturer_id`,`store_id`)
) ENGINE=MyISAM DEFAULT CHARSET=utf8 COLLATE=utf8_bin;

--
-- Дамп данных таблицы `manufacturer_to_store`
--

INSERT INTO `manufacturer_to_store` (`manufacturer_id`, `store_id`) VALUES
(5, 0),
(6, 0),
(7, 0),
(8, 0),
(9, 0),
(10, 0);

-- --------------------------------------------------------

--
-- Структура таблицы `option`
--

CREATE TABLE IF NOT EXISTS `option` (
  `option_id` int(11) NOT NULL AUTO_INCREMENT,
  `type` varchar(32) COLLATE utf8_bin NOT NULL,
  `sort_order` int(3) NOT NULL,
  PRIMARY KEY (`option_id`)
) ENGINE=MyISAM  DEFAULT CHARSET=utf8 COLLATE=utf8_bin AUTO_INCREMENT=13 ;

--
-- Дамп данных таблицы `option`
--

INSERT INTO `option` (`option_id`, `type`, `sort_order`) VALUES
(1, 'radio', 2),
(2, 'checkbox', 3),
(4, 'text', 4),
(5, 'select', 1),
(6, 'textarea', 5),
(7, 'file', 6),
(8, 'date', 7),
(9, 'time', 8),
(10, 'datetime', 9),
(11, 'select', 1),
(12, 'date', 1);

-- --------------------------------------------------------

--
-- Структура таблицы `option_description`
--

CREATE TABLE IF NOT EXISTS `option_description` (
  `option_id` int(11) NOT NULL,
  `language_id` int(11) NOT NULL,
  `name` varchar(128) COLLATE utf8_bin NOT NULL,
  PRIMARY KEY (`option_id`,`language_id`)
) ENGINE=MyISAM DEFAULT CHARSET=utf8 COLLATE=utf8_bin;

--
-- Дамп данных таблицы `option_description`
--

INSERT INTO `option_description` (`option_id`, `language_id`, `name`) VALUES
(1, 1, 'Radio'),
(2, 1, 'Checkbox'),
(4, 1, 'Text'),
(6, 1, 'Textarea'),
(8, 1, 'Date'),
(7, 1, 'File'),
(5, 1, 'Select'),
(9, 1, 'Time'),
(10, 1, 'Date &amp; Time'),
(12, 1, 'Delivery Date'),
(11, 1, 'Size'),
(1, 2, 'Radio'),
(2, 2, 'Checkbox'),
(4, 2, 'Text'),
(6, 2, 'Textarea'),
(8, 2, 'Date'),
(7, 2, 'File'),
(5, 2, 'Select'),
(9, 2, 'Time'),
(10, 2, 'Date &amp; Time'),
(12, 2, 'Delivery Date'),
(11, 2, 'Size');

-- --------------------------------------------------------

--
-- Структура таблицы `option_value`
--

CREATE TABLE IF NOT EXISTS `option_value` (
  `option_value_id` int(11) NOT NULL AUTO_INCREMENT,
  `option_id` int(11) NOT NULL,
  `image` varchar(255) COLLATE utf8_bin NOT NULL,
  `sort_order` int(3) NOT NULL,
  PRIMARY KEY (`option_value_id`)
) ENGINE=MyISAM  DEFAULT CHARSET=utf8 COLLATE=utf8_bin AUTO_INCREMENT=49 ;

--
-- Дамп данных таблицы `option_value`
--

INSERT INTO `option_value` (`option_value_id`, `option_id`, `image`, `sort_order`) VALUES
(43, 1, '', 3),
(32, 1, '', 1),
(45, 2, '', 4),
(44, 2, '', 3),
(42, 5, '', 4),
(41, 5, '', 3),
(39, 5, '', 1),
(40, 5, '', 2),
(31, 1, '', 2),
(23, 2, '', 1),
(24, 2, '', 2),
(46, 11, '', 1),
(47, 11, '', 2),
(48, 11, '', 3);

-- --------------------------------------------------------

--
-- Структура таблицы `option_value_description`
--

CREATE TABLE IF NOT EXISTS `option_value_description` (
  `option_value_id` int(11) NOT NULL,
  `language_id` int(11) NOT NULL,
  `option_id` int(11) NOT NULL,
  `name` varchar(128) COLLATE utf8_bin NOT NULL,
  PRIMARY KEY (`option_value_id`,`language_id`)
) ENGINE=MyISAM DEFAULT CHARSET=utf8 COLLATE=utf8_bin;

--
-- Дамп данных таблицы `option_value_description`
--

INSERT INTO `option_value_description` (`option_value_id`, `language_id`, `option_id`, `name`) VALUES
(43, 1, 1, 'Large'),
(32, 1, 1, 'Small'),
(45, 1, 2, 'Checkbox 4'),
(44, 1, 2, 'Checkbox 3'),
(31, 1, 1, 'Medium'),
(42, 1, 5, 'Yellow'),
(41, 1, 5, 'Green'),
(39, 1, 5, 'Red'),
(40, 1, 5, 'Blue'),
(23, 1, 2, 'Checkbox 1'),
(24, 1, 2, 'Checkbox 2'),
(48, 1, 11, 'Large'),
(47, 1, 11, 'Medium'),
(46, 1, 11, 'Small'),
(43, 2, 1, 'Large'),
(32, 2, 1, 'Small'),
(45, 2, 2, 'Checkbox 4'),
(44, 2, 2, 'Checkbox 3'),
(31, 2, 1, 'Medium'),
(42, 2, 5, 'Yellow'),
(41, 2, 5, 'Green'),
(39, 2, 5, 'Red'),
(40, 2, 5, 'Blue'),
(23, 2, 2, 'Checkbox 1'),
(24, 2, 2, 'Checkbox 2'),
(48, 2, 11, 'Large'),
(47, 2, 11, 'Medium'),
(46, 2, 11, 'Small');

-- --------------------------------------------------------

--
-- Структура таблицы `order`
--

CREATE TABLE IF NOT EXISTS `order` (
  `order_id` int(11) NOT NULL AUTO_INCREMENT,
  `invoice_no` int(11) NOT NULL DEFAULT '0',
  `invoice_prefix` varchar(26) COLLATE utf8_bin NOT NULL,
  `store_id` int(11) NOT NULL DEFAULT '0',
  `store_name` varchar(64) COLLATE utf8_bin NOT NULL,
  `store_url` varchar(255) COLLATE utf8_bin NOT NULL,
  `customer_id` int(11) NOT NULL DEFAULT '0',
  `customer_group_id` int(11) NOT NULL DEFAULT '0',
  `firstname` varchar(32) COLLATE utf8_bin NOT NULL DEFAULT '',
  `lastname` varchar(32) COLLATE utf8_bin NOT NULL,
  `email` varchar(96) COLLATE utf8_bin NOT NULL,
  `telephone` varchar(32) COLLATE utf8_bin NOT NULL DEFAULT '',
  `fax` varchar(32) COLLATE utf8_bin NOT NULL DEFAULT '',
  `payment_firstname` varchar(32) COLLATE utf8_bin NOT NULL DEFAULT '',
  `payment_lastname` varchar(32) COLLATE utf8_bin NOT NULL DEFAULT '',
  `payment_company` varchar(32) COLLATE utf8_bin NOT NULL,
  `payment_company_id` varchar(32) COLLATE utf8_bin NOT NULL,
  `payment_tax_id` varchar(32) COLLATE utf8_bin NOT NULL,
  `payment_address_1` varchar(128) COLLATE utf8_bin NOT NULL,
  `payment_address_2` varchar(128) COLLATE utf8_bin NOT NULL,
  `payment_city` varchar(128) COLLATE utf8_bin NOT NULL,
  `payment_postcode` varchar(10) COLLATE utf8_bin NOT NULL DEFAULT '',
  `payment_country` varchar(128) COLLATE utf8_bin NOT NULL,
  `payment_country_id` int(11) NOT NULL,
  `payment_zone` varchar(128) COLLATE utf8_bin NOT NULL,
  `payment_zone_id` int(11) NOT NULL,
  `payment_address_format` text COLLATE utf8_bin NOT NULL,
  `payment_method` varchar(128) COLLATE utf8_bin NOT NULL DEFAULT '',
  `payment_code` varchar(128) COLLATE utf8_bin NOT NULL,
  `shipping_firstname` varchar(32) COLLATE utf8_bin NOT NULL,
  `shipping_lastname` varchar(32) COLLATE utf8_bin NOT NULL DEFAULT '',
  `shipping_company` varchar(32) COLLATE utf8_bin NOT NULL,
  `shipping_address_1` varchar(128) COLLATE utf8_bin NOT NULL,
  `shipping_address_2` varchar(128) COLLATE utf8_bin NOT NULL,
  `shipping_city` varchar(128) COLLATE utf8_bin NOT NULL,
  `shipping_postcode` varchar(10) COLLATE utf8_bin NOT NULL DEFAULT '',
  `shipping_country` varchar(128) COLLATE utf8_bin NOT NULL,
  `shipping_country_id` int(11) NOT NULL,
  `shipping_zone` varchar(128) COLLATE utf8_bin NOT NULL,
  `shipping_zone_id` int(11) NOT NULL,
  `shipping_address_format` text COLLATE utf8_bin NOT NULL,
  `shipping_method` varchar(128) COLLATE utf8_bin NOT NULL DEFAULT '',
  `shipping_code` varchar(128) COLLATE utf8_bin NOT NULL,
  `comment` text COLLATE utf8_bin NOT NULL,
  `total` decimal(15,4) NOT NULL DEFAULT '0.0000',
  `order_status_id` int(11) NOT NULL DEFAULT '0',
  `affiliate_id` int(11) NOT NULL,
  `commission` decimal(15,4) NOT NULL,
  `language_id` int(11) NOT NULL,
  `currency_id` int(11) NOT NULL,
  `currency_code` varchar(3) COLLATE utf8_bin NOT NULL,
  `currency_value` decimal(15,8) NOT NULL DEFAULT '1.00000000',
  `ip` varchar(40) COLLATE utf8_bin NOT NULL,
  `forwarded_ip` varchar(40) COLLATE utf8_bin NOT NULL,
  `user_agent` varchar(255) COLLATE utf8_bin NOT NULL,
  `accept_language` varchar(255) COLLATE utf8_bin NOT NULL,
  `date_added` datetime NOT NULL,
  `date_modified` datetime NOT NULL,
  PRIMARY KEY (`order_id`)
) ENGINE=MyISAM  DEFAULT CHARSET=utf8 COLLATE=utf8_bin AUTO_INCREMENT=24 ;

--
-- Дамп данных таблицы `order`
--

INSERT INTO `order` (`order_id`, `invoice_no`, `invoice_prefix`, `store_id`, `store_name`, `store_url`, `customer_id`, `customer_group_id`, `firstname`, `lastname`, `email`, `telephone`, `fax`, `payment_firstname`, `payment_lastname`, `payment_company`, `payment_company_id`, `payment_tax_id`, `payment_address_1`, `payment_address_2`, `payment_city`, `payment_postcode`, `payment_country`, `payment_country_id`, `payment_zone`, `payment_zone_id`, `payment_address_format`, `payment_method`, `payment_code`, `shipping_firstname`, `shipping_lastname`, `shipping_company`, `shipping_address_1`, `shipping_address_2`, `shipping_city`, `shipping_postcode`, `shipping_country`, `shipping_country_id`, `shipping_zone`, `shipping_zone_id`, `shipping_address_format`, `shipping_method`, `shipping_code`, `comment`, `total`, `order_status_id`, `affiliate_id`, `commission`, `language_id`, `currency_id`, `currency_code`, `currency_value`, `ip`, `forwarded_ip`, `user_agent`, `accept_language`, `date_added`, `date_modified`) VALUES
(9, 0, 'INV-2012-00', 0, 'AL.UA', 'http://test-al.ua/', 0, 1, 'вв', 'ввв', 'ввв@m.ru', '3333', '', 'вв', 'ввв', '', '', '', '333', '', 'dddd', '', 'Україна', 2, 'Сумы', 2826, '', 'Наложенный платеж "Новая Почта"', 'nalogenniy_np', '', '', '', '', '', '', '', '', 0, '', 0, '', '', '', '', '35.0000', 19, 0, '0.0000', 2, 4, 'UAH', '1.00000000', '127.0.0.1', '', 'Mozilla/5.0 (Windows NT 6.1) AppleWebKit/537.36 (KHTML, like Gecko) Chrome/37.0.2062.120 Safari/537.36', 'uk-UA,uk;q=0.8,ru;q=0.6,en-US;q=0.4,en;q=0.2', '2014-09-26 23:43:33', '2014-09-26 23:43:47'),
(10, 0, 'INV-2012-00', 0, 'AL.UA', 'http://test-al.ua/', 0, 1, 'ввв', 'ввв', 'msergg@gmail.com', '333', '', 'ввв', 'ввв', '', '', '', '333', '', '', '', 'Україна', 2, 'Сумы', 2826, '', 'Наложенный платеж "Новая Почта"', 'nalogenniy_np', '', '', '', '', '', '', '', '', 0, '', 0, '', '', '', '', '200.0000', 0, 0, '0.0000', 2, 4, 'UAH', '1.00000000', '127.0.0.1', '', 'Mozilla/5.0 (Windows NT 6.1) AppleWebKit/537.36 (KHTML, like Gecko) Chrome/37.0.2062.120 Safari/537.36', 'uk-UA,uk;q=0.8,ru;q=0.6,en-US;q=0.4,en;q=0.2', '2014-09-26 23:50:11', '2014-09-26 23:50:11'),
(11, 0, 'INV-2012-00', 0, 'AL.UA', 'http://test-al.ua/', 0, 1, 'ввв', 'ввв', 'msergg@gmail.com', '333', '', 'ввв', 'ввв', '', '', '', '333', '', '3333', '66', 'Україна', 2, 'Сумы', 2826, '', 'Наложенный платеж "Новая Почта"', 'nalogenniy_np', '', '', '', '', '', '', '', '', 0, '', 0, '', '', '', '', '200.0000', 0, 0, '0.0000', 2, 4, 'UAH', '1.00000000', '127.0.0.1', '', 'Mozilla/5.0 (Windows NT 6.1) AppleWebKit/537.36 (KHTML, like Gecko) Chrome/37.0.2062.120 Safari/537.36', 'uk-UA,uk;q=0.8,ru;q=0.6,en-US;q=0.4,en;q=0.2', '2014-09-26 23:54:33', '2014-09-26 23:54:33'),
(12, 0, 'INV-2012-00', 0, 'AL.UA', 'http://test-al.ua/', 0, 1, 'ввв', 'ввв', 'msergg@gmail.com', '333', '', 'ввв', 'ввв', '', '', '', '333', '', '3333', '66', 'Україна', 2, 'Сумы', 2826, '', 'Наложенный платеж "Новая Почта"', 'nalogenniy_np', '', '', '', '', '', '', '', '', 0, '', 0, '', '', '', '', '200.0000', 0, 0, '0.0000', 2, 4, 'UAH', '1.00000000', '127.0.0.1', '', 'Mozilla/5.0 (Windows NT 6.1) AppleWebKit/537.36 (KHTML, like Gecko) Chrome/37.0.2062.120 Safari/537.36', 'uk-UA,uk;q=0.8,ru;q=0.6,en-US;q=0.4,en;q=0.2', '2014-09-26 23:56:11', '2014-09-26 23:56:11'),
(13, 0, 'INV-2012-00', 0, 'AL.UA', 'http://test-al.ua/', 0, 1, 'ввв', 'ввв', 'msergg@gmail.com', '333', '', 'ввв', 'ввв', '', '', '', '333', '', '3333', '66', 'Україна', 2, 'Сумы', 2826, '', 'Оплата при доставке', 'cod', '', '', '', '', '', '', '', '', 0, '', 0, '', '', '', '', '200.0000', 1, 0, '0.0000', 2, 4, 'UAH', '1.00000000', '127.0.0.1', '', 'Mozilla/5.0 (Windows NT 6.1) AppleWebKit/537.36 (KHTML, like Gecko) Chrome/37.0.2062.120 Safari/537.36', 'uk-UA,uk;q=0.8,ru;q=0.6,en-US;q=0.4,en;q=0.2', '2014-09-26 23:56:45', '2014-09-26 23:56:48'),
(14, 0, 'INV-2012-00', 0, 'AL.UA', 'http://test-al.ua/', 0, 1, 'цц', 'іі', 'asasa12345678@yandex.ru', '3333', '', 'цц', 'іі', '', '', '', '222', '', '222', '', 'Україна', 2, 'Сумы', 2826, '', 'Оплата при доставке', 'cod', '', '', '', '', '', '', '', '', 0, '', 0, '', '', '', '', '100.0000', 0, 0, '0.0000', 2, 4, 'UAH', '1.00000000', '127.0.0.1', '', 'Mozilla/5.0 (Windows NT 6.1) AppleWebKit/537.36 (KHTML, like Gecko) Chrome/37.0.2062.120 Safari/537.36', 'uk-UA,uk;q=0.8,ru;q=0.6,en-US;q=0.4,en;q=0.2', '2014-09-27 00:17:27', '2014-09-27 00:17:27'),
(7, 0, 'INV-2012-00', 0, 'AL.UA', 'http://test-al.ua/', 0, 1, 'qq', 'qq', 'qq@m.ru', '3333', '333', 'qq', 'qq', 'вв', 'уу', '', '333', '', 'ввв', '2222', 'Україна', 2, 'Сумы', 2826, '', 'Наложенный платеж "Новая Почта"', 'nalogenniy_np', '', '', '', '', '', '', '', '', 0, '', 0, '', '', '', '', '200.0000', 0, 0, '0.0000', 2, 4, 'UAH', '1.00000000', '127.0.0.1', '', 'Mozilla/5.0 (Windows NT 6.1) AppleWebKit/537.36 (KHTML, like Gecko) Chrome/37.0.2062.120 Safari/537.36', 'uk-UA,uk;q=0.8,ru;q=0.6,en-US;q=0.4,en;q=0.2', '2014-09-26 23:38:53', '2014-09-26 23:38:53'),
(15, 0, 'INV-2012-00', 0, 'AL.UA', 'http://test-al.ua/', 0, 1, 'цц', 'іі', 'asasa12345678@yandex.ru', '3333', '', 'цц', 'іі', '', '', '', '222', '', '222', '', 'Україна', 2, 'Сумы', 2826, '', 'Оплата при доставке', 'cod', '', '', '', '', '', '', '', '', 0, '', 0, '', '', '', '', '100.0000', 0, 0, '0.0000', 2, 4, 'UAH', '1.00000000', '127.0.0.1', '', 'Mozilla/5.0 (Windows NT 6.1) AppleWebKit/537.36 (KHTML, like Gecko) Chrome/37.0.2062.120 Safari/537.36', 'uk-UA,uk;q=0.8,ru;q=0.6,en-US;q=0.4,en;q=0.2', '2014-09-27 00:18:33', '2014-09-27 00:18:33'),
(16, 0, 'INV-2012-00', 0, 'AL.UA', 'http://test-al.ua/', 0, 1, 'цц', 'іі', 'asasa12345678@yandex.ru', '3333', '', 'цц', 'іі', '', '', '', '222', '', '222', '', 'Україна', 2, 'Сумы', 2826, '', 'Оплата при доставке', 'cod', '', '', '', '', '', '', '', '', 0, '', 0, '', '', '', '', '100.0000', 0, 0, '0.0000', 2, 4, 'UAH', '1.00000000', '127.0.0.1', '', 'Mozilla/5.0 (Windows NT 6.1) AppleWebKit/537.36 (KHTML, like Gecko) Chrome/37.0.2062.120 Safari/537.36', 'uk-UA,uk;q=0.8,ru;q=0.6,en-US;q=0.4,en;q=0.2', '2014-09-27 00:20:35', '2014-09-27 00:20:35'),
(17, 0, 'INV-2012-00', 0, 'AL.UA', 'http://test-al.ua/', 0, 1, 'цц', 'іі', 'asasa12345678@yandex.ru', '3333', '', 'цц', 'іі', '', '', '', '222', '', '222', '', 'Україна', 2, 'Сумы', 2826, '', 'Оплата при доставке', 'cod', '', '', '', '', '', '', '', '', 0, '', 0, '', '', '', '', '100.0000', 1, 0, '0.0000', 2, 4, 'UAH', '1.00000000', '127.0.0.1', '', 'Mozilla/5.0 (Windows NT 6.1) AppleWebKit/537.36 (KHTML, like Gecko) Chrome/37.0.2062.120 Safari/537.36', 'uk-UA,uk;q=0.8,ru;q=0.6,en-US;q=0.4,en;q=0.2', '2014-09-27 00:21:20', '2014-09-27 00:23:24'),
(18, 0, 'INV-2012-00', 0, 'AL.UA', 'http://test-al.ua/', 0, 1, 'уу', 'уу', 'asasa12345678@yandex.ru', '2222', '', 'уу', 'уу', '', '', '', '222', '', '222', '', 'Україна', 2, 'Сумы', 2826, '', 'Оплата при доставке', 'cod', '', '', '', '', '', '', '', '', 0, '', 0, '', '', '', '', '100.0000', 0, 0, '0.0000', 2, 4, 'UAH', '1.00000000', '127.0.0.1', '', 'Mozilla/5.0 (Windows NT 6.1) AppleWebKit/537.36 (KHTML, like Gecko) Chrome/37.0.2062.120 Safari/537.36', 'uk-UA,uk;q=0.8,ru;q=0.6,en-US;q=0.4,en;q=0.2', '2014-09-27 00:24:53', '2014-09-27 00:24:53'),
(19, 0, 'INV-2012-00', 0, 'AL.UA', 'http://test-al.ua/', 0, 1, 'уу', 'уу', 'asasa12345678@yandex.ru', '2222', '', 'уу', 'уу', '', '', '', '222', '', '222', '', 'Україна', 2, 'Сумы', 2826, '', 'Оплата при доставке', 'cod', '', '', '', '', '', '', '', '', 0, '', 0, '', '', '', '', '100.0000', 0, 0, '0.0000', 2, 4, 'UAH', '1.00000000', '127.0.0.1', '', 'Mozilla/5.0 (Windows NT 6.1) AppleWebKit/537.36 (KHTML, like Gecko) Chrome/37.0.2062.120 Safari/537.36', 'uk-UA,uk;q=0.8,ru;q=0.6,en-US;q=0.4,en;q=0.2', '2014-09-27 00:25:14', '2014-09-27 00:25:14'),
(20, 0, 'INV-2012-00', 0, 'AL.UA', 'http://test-al.ua/', 0, 1, 'уу', 'уу', 'asasa12345678@yandex.ru', '2222', '', 'уу', 'уу', '', '', '', '222', '', '222', '', 'Україна', 2, 'Сумы', 2826, '', 'Оплата при доставке', 'cod', '', '', '', '', '', '', '', '', 0, '', 0, '', '', '', '', '100.0000', 1, 0, '0.0000', 2, 4, 'UAH', '1.00000000', '127.0.0.1', '', 'Mozilla/5.0 (Windows NT 6.1) AppleWebKit/537.36 (KHTML, like Gecko) Chrome/37.0.2062.120 Safari/537.36', 'uk-UA,uk;q=0.8,ru;q=0.6,en-US;q=0.4,en;q=0.2', '2014-09-27 00:25:49', '2014-09-27 00:25:51'),
(21, 0, 'INV-2012-00', 0, 'AL.UA', 'http://test-al.ua/', 0, 1, 'ууу', 'ууу', 'rura95@gmail.com', '2222', '', 'ууу', 'ууу', '', '', '', '2222', '', '', '', 'Україна', 2, 'Сумы', 2826, '', 'Оплата при доставке', 'cod', '', '', '', '', '', '', '', '', 0, '', 0, '', '', '', '', '100.0000', 0, 0, '0.0000', 2, 4, 'UAH', '1.00000000', '127.0.0.1', '', 'Mozilla/5.0 (Windows NT 6.1) AppleWebKit/537.36 (KHTML, like Gecko) Chrome/37.0.2062.120 Safari/537.36', 'uk-UA,uk;q=0.8,ru;q=0.6,en-US;q=0.4,en;q=0.2', '2014-09-27 00:35:09', '2014-09-27 00:35:09'),
(22, 0, 'INV-2012-00', 0, 'AL.UA', 'http://test-al.ua/', 0, 1, 'ууу', 'ууу', 'rura95@gmail.com', '2222', '', 'ууу', 'ууу', '', '', '', '2222', '', '', '', 'Україна', 2, 'Сумы', 2826, '', 'Оплата при доставке', 'cod', '', '', '', '', '', '', '', '', 0, '', 0, '', '', '', '', '100.0000', 0, 0, '0.0000', 2, 4, 'UAH', '1.00000000', '127.0.0.1', '', 'Mozilla/5.0 (Windows NT 6.1) AppleWebKit/537.36 (KHTML, like Gecko) Chrome/37.0.2062.120 Safari/537.36', 'uk-UA,uk;q=0.8,ru;q=0.6,en-US;q=0.4,en;q=0.2', '2014-09-27 00:36:23', '2014-09-27 00:36:23'),
(23, 0, 'INV-2012-00', 0, 'AL.UA', 'http://test-al.ua/', 0, 1, 'ууу', 'ууу', 'rura95@gmail.com', '2222', '', 'ууу', 'ууу', '', '', '', '2222', '', '', '', 'Україна', 2, 'Сумы', 2826, '', 'Оплата при доставке', 'cod', '', '', '', '', '', '', '', '', 0, '', 0, '', '', '', '', '100.0000', 1, 0, '0.0000', 2, 4, 'UAH', '1.00000000', '127.0.0.1', '', 'Mozilla/5.0 (Windows NT 6.1) AppleWebKit/537.36 (KHTML, like Gecko) Chrome/37.0.2062.120 Safari/537.36', 'uk-UA,uk;q=0.8,ru;q=0.6,en-US;q=0.4,en;q=0.2', '2014-09-27 00:36:48', '2014-09-27 00:36:50');

-- --------------------------------------------------------

--
-- Структура таблицы `order_download`
--

CREATE TABLE IF NOT EXISTS `order_download` (
  `order_download_id` int(11) NOT NULL AUTO_INCREMENT,
  `order_id` int(11) NOT NULL,
  `order_product_id` int(11) NOT NULL,
  `name` varchar(64) COLLATE utf8_bin NOT NULL DEFAULT '',
  `filename` varchar(128) COLLATE utf8_bin NOT NULL DEFAULT '',
  `mask` varchar(128) COLLATE utf8_bin NOT NULL DEFAULT '',
  `remaining` int(3) NOT NULL DEFAULT '0',
  PRIMARY KEY (`order_download_id`)
) ENGINE=MyISAM DEFAULT CHARSET=utf8 COLLATE=utf8_bin AUTO_INCREMENT=1 ;

-- --------------------------------------------------------

--
-- Структура таблицы `order_fraud`
--

CREATE TABLE IF NOT EXISTS `order_fraud` (
  `order_id` int(11) NOT NULL,
  `customer_id` int(11) NOT NULL,
  `country_match` varchar(3) COLLATE utf8_bin NOT NULL,
  `country_code` varchar(2) COLLATE utf8_bin NOT NULL,
  `high_risk_country` varchar(3) COLLATE utf8_bin NOT NULL,
  `distance` int(11) NOT NULL,
  `ip_region` varchar(255) COLLATE utf8_bin NOT NULL,
  `ip_city` varchar(255) COLLATE utf8_bin NOT NULL,
  `ip_latitude` decimal(10,6) NOT NULL,
  `ip_longitude` decimal(10,6) NOT NULL,
  `ip_isp` varchar(255) COLLATE utf8_bin NOT NULL,
  `ip_org` varchar(255) COLLATE utf8_bin NOT NULL,
  `ip_asnum` int(11) NOT NULL,
  `ip_user_type` varchar(255) COLLATE utf8_bin NOT NULL,
  `ip_country_confidence` varchar(3) COLLATE utf8_bin NOT NULL,
  `ip_region_confidence` varchar(3) COLLATE utf8_bin NOT NULL,
  `ip_city_confidence` varchar(3) COLLATE utf8_bin NOT NULL,
  `ip_postal_confidence` varchar(3) COLLATE utf8_bin NOT NULL,
  `ip_postal_code` varchar(10) COLLATE utf8_bin NOT NULL,
  `ip_accuracy_radius` int(11) NOT NULL,
  `ip_net_speed_cell` varchar(255) COLLATE utf8_bin NOT NULL,
  `ip_metro_code` int(3) NOT NULL,
  `ip_area_code` int(3) NOT NULL,
  `ip_time_zone` varchar(255) COLLATE utf8_bin NOT NULL,
  `ip_region_name` varchar(255) COLLATE utf8_bin NOT NULL,
  `ip_domain` varchar(255) COLLATE utf8_bin NOT NULL,
  `ip_country_name` varchar(255) COLLATE utf8_bin NOT NULL,
  `ip_continent_code` varchar(2) COLLATE utf8_bin NOT NULL,
  `ip_corporate_proxy` varchar(3) COLLATE utf8_bin NOT NULL,
  `anonymous_proxy` varchar(3) COLLATE utf8_bin NOT NULL,
  `proxy_score` int(3) NOT NULL,
  `is_trans_proxy` varchar(3) COLLATE utf8_bin NOT NULL,
  `free_mail` varchar(3) COLLATE utf8_bin NOT NULL,
  `carder_email` varchar(3) COLLATE utf8_bin NOT NULL,
  `high_risk_username` varchar(3) COLLATE utf8_bin NOT NULL,
  `high_risk_password` varchar(3) COLLATE utf8_bin NOT NULL,
  `bin_match` varchar(10) COLLATE utf8_bin NOT NULL,
  `bin_country` varchar(2) COLLATE utf8_bin NOT NULL,
  `bin_name_match` varchar(3) COLLATE utf8_bin NOT NULL,
  `bin_name` varchar(255) COLLATE utf8_bin NOT NULL,
  `bin_phone_match` varchar(3) COLLATE utf8_bin NOT NULL,
  `bin_phone` varchar(32) COLLATE utf8_bin NOT NULL,
  `customer_phone_in_billing_location` varchar(8) COLLATE utf8_bin NOT NULL,
  `ship_forward` varchar(3) COLLATE utf8_bin NOT NULL,
  `city_postal_match` varchar(3) COLLATE utf8_bin NOT NULL,
  `ship_city_postal_match` varchar(3) COLLATE utf8_bin NOT NULL,
  `score` decimal(10,5) NOT NULL,
  `explanation` text COLLATE utf8_bin NOT NULL,
  `risk_score` decimal(10,5) NOT NULL,
  `queries_remaining` int(11) NOT NULL,
  `maxmind_id` varchar(8) COLLATE utf8_bin NOT NULL,
  `error` text COLLATE utf8_bin NOT NULL,
  `date_added` datetime NOT NULL DEFAULT '0000-00-00 00:00:00',
  PRIMARY KEY (`order_id`)
) ENGINE=MyISAM DEFAULT CHARSET=utf8 COLLATE=utf8_bin;

-- --------------------------------------------------------

--
-- Структура таблицы `order_history`
--

CREATE TABLE IF NOT EXISTS `order_history` (
  `order_history_id` int(11) NOT NULL AUTO_INCREMENT,
  `order_id` int(11) NOT NULL,
  `order_status_id` int(5) NOT NULL,
  `notify` tinyint(1) NOT NULL DEFAULT '0',
  `comment` text COLLATE utf8_bin NOT NULL,
  `date_added` datetime NOT NULL DEFAULT '0000-00-00 00:00:00',
  PRIMARY KEY (`order_history_id`)
) ENGINE=MyISAM  DEFAULT CHARSET=utf8 COLLATE=utf8_bin AUTO_INCREMENT=13 ;

--
-- Дамп данных таблицы `order_history`
--

INSERT INTO `order_history` (`order_history_id`, `order_id`, `order_status_id`, `notify`, `comment`, `date_added`) VALUES
(8, 9, 19, 1, 'Наложенный платеж "Новая Почта"\n\nНовая почта\n\nДля уточнения заказа Вы можете связаться с нами по телефону.', '2014-09-26 23:43:47'),
(9, 13, 1, 1, '', '2014-09-26 23:56:48'),
(10, 17, 1, 1, '', '2014-09-27 00:23:24'),
(11, 20, 1, 1, '', '2014-09-27 00:25:51'),
(12, 23, 1, 1, '', '2014-09-27 00:36:50');

-- --------------------------------------------------------

--
-- Структура таблицы `order_option`
--

CREATE TABLE IF NOT EXISTS `order_option` (
  `order_option_id` int(11) NOT NULL AUTO_INCREMENT,
  `order_id` int(11) NOT NULL,
  `order_product_id` int(11) NOT NULL,
  `product_option_id` int(11) NOT NULL,
  `product_option_value_id` int(11) NOT NULL DEFAULT '0',
  `name` varchar(255) COLLATE utf8_bin NOT NULL,
  `value` text COLLATE utf8_bin NOT NULL,
  `type` varchar(32) COLLATE utf8_bin NOT NULL,
  PRIMARY KEY (`order_option_id`)
) ENGINE=MyISAM  DEFAULT CHARSET=utf8 COLLATE=utf8_bin AUTO_INCREMENT=10 ;

--
-- Дамп данных таблицы `order_option`
--

INSERT INTO `order_option` (`order_option_id`, `order_id`, `order_product_id`, `product_option_id`, `product_option_value_id`, `name`, `value`, `type`) VALUES
(2, 10, 10, 226, 15, 'Select', 'Red', 'select'),
(3, 11, 11, 226, 15, 'Select', 'Red', 'select'),
(4, 12, 12, 226, 15, 'Select', 'Red', 'select'),
(5, 13, 13, 226, 15, 'Select', 'Red', 'select'),
(6, 14, 14, 225, 0, 'Delivery Date', '2011-04-22', 'date'),
(7, 15, 15, 225, 0, 'Delivery Date', '2011-04-22', 'date'),
(8, 16, 16, 225, 0, 'Delivery Date', '2011-04-22', 'date'),
(9, 17, 17, 225, 0, 'Delivery Date', '2011-04-22', 'date');

-- --------------------------------------------------------

--
-- Структура таблицы `order_product`
--

CREATE TABLE IF NOT EXISTS `order_product` (
  `order_product_id` int(11) NOT NULL AUTO_INCREMENT,
  `order_id` int(11) NOT NULL,
  `product_id` int(11) NOT NULL,
  `name` varchar(255) COLLATE utf8_bin NOT NULL,
  `model` varchar(64) COLLATE utf8_bin NOT NULL,
  `quantity` int(4) NOT NULL,
  `price` decimal(15,4) NOT NULL DEFAULT '0.0000',
  `total` decimal(15,4) NOT NULL DEFAULT '0.0000',
  `tax` decimal(15,4) NOT NULL DEFAULT '0.0000',
  `reward` int(8) NOT NULL,
  PRIMARY KEY (`order_product_id`)
) ENGINE=MyISAM  DEFAULT CHARSET=utf8 COLLATE=utf8_bin AUTO_INCREMENT=24 ;

--
-- Дамп данных таблицы `order_product`
--

INSERT INTO `order_product` (`order_product_id`, `order_id`, `product_id`, `name`, `model`, `quantity`, `price`, `total`, `tax`, `reward`) VALUES
(9, 9, 50, 'масло', 'ололо', 1, '35.0000', '35.0000', '0.0000', 0),
(10, 10, 30, 'Canon EOS 5D', 'Product 3', 2, '100.0000', '200.0000', '0.0000', 400),
(11, 11, 30, 'Canon EOS 5D', 'Product 3', 2, '100.0000', '200.0000', '0.0000', 400),
(12, 12, 30, 'Canon EOS 5D', 'Product 3', 2, '100.0000', '200.0000', '0.0000', 400),
(13, 13, 30, 'Canon EOS 5D', 'Product 3', 2, '100.0000', '200.0000', '0.0000', 400),
(7, 7, 42, 'Apple Cinema 30&quot;', 'Product 15', 2, '100.0000', '200.0000', '0.0000', 200),
(14, 14, 47, 'HP LP3065', 'Product 21', 1, '100.0000', '100.0000', '0.0000', 300),
(15, 15, 47, 'HP LP3065', 'Product 21', 1, '100.0000', '100.0000', '0.0000', 300),
(16, 16, 47, 'HP LP3065', 'Product 21', 1, '100.0000', '100.0000', '0.0000', 300),
(17, 17, 47, 'HP LP3065', 'Product 21', 1, '100.0000', '100.0000', '0.0000', 300),
(18, 18, 42, 'Apple Cinema 30&quot;', 'Product 15', 1, '100.0000', '100.0000', '0.0000', 100),
(19, 19, 42, 'Apple Cinema 30&quot;', 'Product 15', 1, '100.0000', '100.0000', '0.0000', 100),
(20, 20, 42, 'Apple Cinema 30&quot;', 'Product 15', 1, '100.0000', '100.0000', '0.0000', 100),
(21, 21, 42, 'Apple Cinema 30&quot;', 'Product 15', 1, '100.0000', '100.0000', '0.0000', 100),
(22, 22, 42, 'Apple Cinema 30&quot;', 'Product 15', 1, '100.0000', '100.0000', '0.0000', 100),
(23, 23, 42, 'Apple Cinema 30&quot;', 'Product 15', 1, '100.0000', '100.0000', '0.0000', 100);

-- --------------------------------------------------------

--
-- Структура таблицы `order_status`
--

CREATE TABLE IF NOT EXISTS `order_status` (
  `order_status_id` int(11) NOT NULL AUTO_INCREMENT,
  `language_id` int(11) NOT NULL,
  `name` varchar(32) COLLATE utf8_bin NOT NULL,
  PRIMARY KEY (`order_status_id`,`language_id`)
) ENGINE=MyISAM  DEFAULT CHARSET=utf8 COLLATE=utf8_bin AUTO_INCREMENT=31 ;

--
-- Дамп данных таблицы `order_status`
--

INSERT INTO `order_status` (`order_status_id`, `language_id`, `name`) VALUES
(2, 1, 'Processing'),
(3, 1, 'Shipped'),
(7, 1, 'Canceled'),
(5, 1, 'Complete'),
(8, 1, 'Denied'),
(9, 1, 'Canceled Reversal'),
(10, 1, 'Failed'),
(11, 1, 'Refunded'),
(12, 1, 'Reversed'),
(13, 1, 'Chargeback'),
(1, 1, 'Pending'),
(16, 1, 'Voided'),
(15, 1, 'Processed'),
(14, 1, 'Expired'),
(17, 2, 'Processing'),
(18, 2, 'Shipped'),
(19, 2, 'Canceled'),
(20, 2, 'Complete'),
(21, 2, 'Denied'),
(22, 2, 'Canceled Reversal'),
(23, 2, 'Failed'),
(24, 2, 'Refunded'),
(25, 2, 'Reversed'),
(26, 2, 'Chargeback'),
(27, 2, 'Pending'),
(28, 2, 'Voided'),
(29, 2, 'Processed'),
(30, 2, 'Expired');

-- --------------------------------------------------------

--
-- Структура таблицы `order_total`
--

CREATE TABLE IF NOT EXISTS `order_total` (
  `order_total_id` int(10) NOT NULL AUTO_INCREMENT,
  `order_id` int(11) NOT NULL,
  `code` varchar(32) COLLATE utf8_bin NOT NULL,
  `title` varchar(255) COLLATE utf8_bin NOT NULL DEFAULT '',
  `text` varchar(255) COLLATE utf8_bin NOT NULL DEFAULT '',
  `value` decimal(15,4) NOT NULL DEFAULT '0.0000',
  `sort_order` int(3) NOT NULL,
  PRIMARY KEY (`order_total_id`),
  KEY `idx_orders_total_orders_id` (`order_id`)
) ENGINE=MyISAM  DEFAULT CHARSET=utf8 COLLATE=utf8_bin AUTO_INCREMENT=52 ;

--
-- Дамп данных таблицы `order_total`
--

INSERT INTO `order_total` (`order_total_id`, `order_id`, `code`, `title`, `text`, `value`, `sort_order`) VALUES
(33, 14, 'total', 'Итого', '₴100.00грн.', '100.0000', 9),
(34, 15, 'sub_total', 'Сумма', '₴100.00грн.', '100.0000', 1),
(22, 9, 'sub_total', 'Сумма', '₴35.00грн.', '35.0000', 1),
(23, 9, 'total', 'Итого', '₴35.00грн.', '35.0000', 9),
(24, 10, 'sub_total', 'Сумма', '₴200.00грн.', '200.0000', 1),
(25, 10, 'total', 'Итого', '₴200.00грн.', '200.0000', 9),
(26, 11, 'sub_total', 'Сумма', '₴200.00грн.', '200.0000', 1),
(27, 11, 'total', 'Итого', '₴200.00грн.', '200.0000', 9),
(28, 12, 'sub_total', 'Сумма', '₴200.00грн.', '200.0000', 1),
(29, 12, 'total', 'Итого', '₴200.00грн.', '200.0000', 9),
(30, 13, 'sub_total', 'Сумма', '₴200.00грн.', '200.0000', 1),
(31, 13, 'total', 'Итого', '₴200.00грн.', '200.0000', 9),
(32, 14, 'sub_total', 'Сумма', '₴100.00грн.', '100.0000', 1),
(18, 7, 'sub_total', 'Сумма', '₴200.00грн.', '200.0000', 1),
(19, 7, 'total', 'Итого', '₴200.00грн.', '200.0000', 9),
(36, 16, 'sub_total', 'Сумма', '₴100.00грн.', '100.0000', 1),
(35, 15, 'total', 'Итого', '₴100.00грн.', '100.0000', 9),
(37, 16, 'total', 'Итого', '₴100.00грн.', '100.0000', 9),
(38, 17, 'sub_total', 'Сумма', '₴100.00грн.', '100.0000', 1),
(39, 17, 'total', 'Итого', '₴100.00грн.', '100.0000', 9),
(40, 18, 'sub_total', 'Сумма', '₴100.00грн.', '100.0000', 1),
(41, 18, 'total', 'Итого', '₴100.00грн.', '100.0000', 9),
(42, 19, 'sub_total', 'Сумма', '₴100.00грн.', '100.0000', 1),
(43, 19, 'total', 'Итого', '₴100.00грн.', '100.0000', 9),
(44, 20, 'sub_total', 'Сумма', '₴100.00грн.', '100.0000', 1),
(45, 20, 'total', 'Итого', '₴100.00грн.', '100.0000', 9),
(46, 21, 'sub_total', 'Сумма', '₴100.00грн.', '100.0000', 1),
(47, 21, 'total', 'Итого', '₴100.00грн.', '100.0000', 9),
(48, 22, 'sub_total', 'Сумма', '₴100.00грн.', '100.0000', 1),
(49, 22, 'total', 'Итого', '₴100.00грн.', '100.0000', 9),
(50, 23, 'sub_total', 'Сумма', '₴100.00грн.', '100.0000', 1),
(51, 23, 'total', 'Итого', '₴100.00грн.', '100.0000', 9);

-- --------------------------------------------------------

--
-- Структура таблицы `order_voucher`
--

CREATE TABLE IF NOT EXISTS `order_voucher` (
  `order_voucher_id` int(11) NOT NULL AUTO_INCREMENT,
  `order_id` int(11) NOT NULL,
  `voucher_id` int(11) NOT NULL,
  `description` varchar(255) COLLATE utf8_bin NOT NULL,
  `code` varchar(10) COLLATE utf8_bin NOT NULL,
  `from_name` varchar(64) COLLATE utf8_bin NOT NULL,
  `from_email` varchar(96) COLLATE utf8_bin NOT NULL,
  `to_name` varchar(64) COLLATE utf8_bin NOT NULL,
  `to_email` varchar(96) COLLATE utf8_bin NOT NULL,
  `voucher_theme_id` int(11) NOT NULL,
  `message` text COLLATE utf8_bin NOT NULL,
  `amount` decimal(15,4) NOT NULL,
  PRIMARY KEY (`order_voucher_id`)
) ENGINE=MyISAM DEFAULT CHARSET=utf8 COLLATE=utf8_bin AUTO_INCREMENT=1 ;

-- --------------------------------------------------------

--
-- Структура таблицы `product`
--

CREATE TABLE IF NOT EXISTS `product` (
  `product_id` int(11) NOT NULL AUTO_INCREMENT,
  `model` varchar(64) COLLATE utf8_bin NOT NULL,
  `sku` varchar(64) COLLATE utf8_bin NOT NULL,
  `upc` varchar(12) COLLATE utf8_bin NOT NULL,
  `ean` varchar(14) COLLATE utf8_bin NOT NULL,
  `jan` varchar(13) COLLATE utf8_bin NOT NULL,
  `isbn` varchar(13) COLLATE utf8_bin NOT NULL,
  `mpn` varchar(64) COLLATE utf8_bin NOT NULL,
  `location` varchar(128) COLLATE utf8_bin NOT NULL,
  `quantity` int(4) NOT NULL DEFAULT '0',
  `stock_status_id` int(11) NOT NULL,
  `image` varchar(255) COLLATE utf8_bin DEFAULT NULL,
  `manufacturer_id` int(11) NOT NULL,
  `shipping` tinyint(1) NOT NULL DEFAULT '1',
  `price` decimal(15,4) NOT NULL DEFAULT '0.0000',
  `points` int(8) NOT NULL DEFAULT '0',
  `tax_class_id` int(11) NOT NULL,
  `date_available` date NOT NULL,
  `weight` decimal(15,8) NOT NULL DEFAULT '0.00000000',
  `weight_class_id` int(11) NOT NULL DEFAULT '0',
  `length` decimal(15,8) NOT NULL DEFAULT '0.00000000',
  `width` decimal(15,8) NOT NULL DEFAULT '0.00000000',
  `height` decimal(15,8) NOT NULL DEFAULT '0.00000000',
  `length_class_id` int(11) NOT NULL DEFAULT '0',
  `subtract` tinyint(1) NOT NULL DEFAULT '1',
  `minimum` int(11) NOT NULL DEFAULT '1',
  `sort_order` int(11) NOT NULL DEFAULT '0',
  `status` tinyint(1) NOT NULL DEFAULT '0',
  `date_added` datetime NOT NULL DEFAULT '0000-00-00 00:00:00',
  `date_modified` datetime NOT NULL DEFAULT '0000-00-00 00:00:00',
  `viewed` int(5) NOT NULL DEFAULT '0',
  PRIMARY KEY (`product_id`)
) ENGINE=MyISAM  DEFAULT CHARSET=utf8 COLLATE=utf8_bin AUTO_INCREMENT=51 ;

--
-- Дамп данных таблицы `product`
--

INSERT INTO `product` (`product_id`, `model`, `sku`, `upc`, `ean`, `jan`, `isbn`, `mpn`, `location`, `quantity`, `stock_status_id`, `image`, `manufacturer_id`, `shipping`, `price`, `points`, `tax_class_id`, `date_available`, `weight`, `weight_class_id`, `length`, `width`, `height`, `length_class_id`, `subtract`, `minimum`, `sort_order`, `status`, `date_added`, `date_modified`, `viewed`) VALUES
(28, 'Product 1', '', '', '', '', '', '', '', 939, 4, 'data/demo/htc_touch_hd_1.jpg', 5, 1, '100.0000', 200, 9, '2009-02-03', '146.40000000', 7, '0.00000000', '0.00000000', '0.00000000', 4, 1, 1, 0, 1, '2009-02-03 16:06:50', '2014-06-12 23:42:11', 1),
(29, 'Product 2', '', '', '', '', '', '', '', 999, 6, 'data/demo/palm_treo_pro_1.jpg', 6, 1, '279.9900', 0, 9, '2009-02-03', '133.00000000', 2, '0.00000000', '0.00000000', '0.00000000', 3, 1, 1, 0, 1, '2009-02-03 16:42:17', '2011-09-30 01:06:08', 0),
(30, 'Product 3', '', '', '', '', '', '', '', 5, 4, 'data/demo/canon_eos_5d_1.jpg', 9, 1, '100.0000', 0, 9, '2009-02-03', '0.00000000', 7, '0.00000000', '0.00000000', '0.00000000', 4, 1, 1, 0, 1, '2009-02-03 16:59:00', '2014-06-12 23:41:51', 11),
(31, 'Product 4', '', '', '', '', '', '', '', 1000, 6, 'data/demo/nikon_d300_1.jpg', 0, 1, '80.0000', 0, 9, '2009-02-03', '0.00000000', 1, '0.00000000', '0.00000000', '0.00000000', 3, 1, 1, 0, 1, '2009-02-03 17:00:10', '2011-09-30 01:06:00', 0),
(32, 'Product 5', '', '', '', '', '', '', '', 999, 6, 'data/demo/ipod_touch_1.jpg', 8, 1, '100.0000', 0, 9, '2009-02-03', '5.00000000', 1, '0.00000000', '0.00000000', '0.00000000', 1, 1, 1, 0, 1, '2009-02-03 17:07:26', '2011-09-30 01:07:22', 0),
(33, 'Product 6', '', '', '', '', '', '', '', 1000, 6, 'data/demo/samsung_syncmaster_941bw.jpg', 0, 1, '200.0000', 0, 9, '2009-02-03', '5.00000000', 1, '0.00000000', '0.00000000', '0.00000000', 2, 1, 1, 0, 1, '2009-02-03 17:08:31', '2011-09-30 01:06:29', 0),
(34, 'Product 7', '', '', '', '', '', '', '', 1000, 6, 'data/demo/ipod_shuffle_1.jpg', 8, 1, '100.0000', 0, 9, '2009-02-03', '5.00000000', 1, '0.00000000', '0.00000000', '0.00000000', 2, 1, 1, 0, 1, '2009-02-03 18:07:54', '2011-09-30 01:07:17', 0),
(35, 'Product 8', '', '', '', '', '', '', '', 1000, 5, '', 0, 0, '100.0000', 0, 9, '2009-02-03', '5.00000000', 1, '0.00000000', '0.00000000', '0.00000000', 1, 1, 1, 0, 1, '2009-02-03 18:08:31', '2011-09-30 01:06:17', 0),
(36, 'Product 9', '', '', '', '', '', '', '', 994, 6, 'data/demo/ipod_nano_1.jpg', 8, 0, '100.0000', 100, 9, '2009-02-03', '5.00000000', 1, '0.00000000', '0.00000000', '0.00000000', 2, 1, 1, 0, 1, '2009-02-03 18:09:19', '2011-09-30 01:07:12', 0),
(40, 'product 11', '', '', '', '', '', '', '', 970, 5, 'data/demo/iphone_1.jpg', 8, 1, '101.0000', 0, 9, '2009-02-03', '10.00000000', 1, '0.00000000', '0.00000000', '0.00000000', 1, 1, 1, 0, 1, '2009-02-03 21:07:12', '2011-09-30 01:06:53', 0),
(41, 'Product 14', '', '', '', '', '', '', '', 977, 5, 'data/demo/imac_1.jpg', 8, 1, '100.0000', 0, 9, '2009-02-03', '5.00000000', 1, '0.00000000', '0.00000000', '0.00000000', 1, 1, 1, 0, 1, '2009-02-03 21:07:26', '2011-09-30 01:06:44', 1),
(42, 'Product 15', '', '', '', '', '', '', '', 988, 4, 'data/demo/apple_cinema_30.jpg', 8, 1, '100.0000', 0, 0, '2009-02-04', '12.50000000', 7, '1.00000000', '2.00000000', '3.00000000', 4, 1, 1, 0, 1, '2009-02-03 21:07:37', '2014-06-13 00:35:55', 52),
(43, 'Product 16', '', '', '', '', '', '', '', 929, 5, 'data/demo/macbook_1.jpg', 8, 0, '500.0000', 0, 9, '2009-02-03', '0.00000000', 1, '0.00000000', '0.00000000', '0.00000000', 2, 1, 1, 0, 1, '2009-02-03 21:07:49', '2011-09-30 01:05:46', 0),
(44, 'Product 17', '', '', '', '', '', '', '', 1000, 5, 'data/demo/macbook_air_1.jpg', 8, 1, '1000.0000', 0, 9, '2009-02-03', '0.00000000', 1, '0.00000000', '0.00000000', '0.00000000', 2, 1, 1, 0, 1, '2009-02-03 21:08:00', '2011-09-30 01:05:53', 0),
(45, 'Product 18', '', '', '', '', '', '', '', 998, 5, 'data/demo/macbook_pro_1.jpg', 8, 1, '2000.0000', 0, 100, '2009-02-03', '0.00000000', 1, '0.00000000', '0.00000000', '0.00000000', 2, 1, 1, 0, 1, '2009-02-03 21:08:17', '2011-09-15 22:22:01', 0),
(46, 'Product 19', '', '', '', '', '', '', '', 1000, 5, 'data/demo/sony_vaio_1.jpg', 10, 1, '1000.0000', 0, 9, '2009-02-03', '0.00000000', 1, '0.00000000', '0.00000000', '0.00000000', 2, 1, 1, 0, 1, '2009-02-03 21:08:29', '2011-09-30 01:06:39', 0),
(47, 'Product 21', '', '', '', '', '', '', '', 1000, 4, 'data/demo/hp_1.jpg', 7, 1, '100.0000', 400, 9, '2009-02-03', '1.00000000', 7, '0.00000000', '0.00000000', '0.00000000', 4, 0, 1, 0, 1, '2009-02-03 21:08:40', '2014-05-23 21:47:46', 4),
(48, 'product 20', 'test 1', '', '', '', '', '', 'test 2', 995, 5, 'data/demo/ipod_classic_1.jpg', 8, 1, '100.0000', 0, 9, '2009-02-08', '1.00000000', 1, '0.00000000', '0.00000000', '0.00000000', 2, 1, 1, 0, 1, '2009-02-08 17:21:51', '2011-09-30 01:07:06', 0),
(49, 'SAM1', '', '', '', '', '', '', '', 0, 8, 'data/demo/samsung_tab_1.jpg', 0, 1, '199.9900', 0, 9, '2011-04-25', '0.00000000', 1, '0.00000000', '0.00000000', '0.00000000', 1, 1, 1, 1, 1, '2011-04-26 08:57:34', '2011-09-30 01:06:23', 1),
(50, 'ололо', '', '', '', '', '', '', '', 14, 4, 'data/logo-maslo.png', 7, 1, '35.0000', 0, 0, '2014-06-12', '0.50000000', 7, '0.00000000', '0.00000000', '0.00000000', 4, 1, 1, 1, 1, '2014-06-13 00:40:31', '0000-00-00 00:00:00', 7);

-- --------------------------------------------------------

--
-- Структура таблицы `product_attribute`
--

CREATE TABLE IF NOT EXISTS `product_attribute` (
  `product_id` int(11) NOT NULL,
  `attribute_id` int(11) NOT NULL,
  `language_id` int(11) NOT NULL,
  `text` text COLLATE utf8_bin NOT NULL,
  PRIMARY KEY (`product_id`,`attribute_id`,`language_id`)
) ENGINE=MyISAM DEFAULT CHARSET=utf8 COLLATE=utf8_bin;

--
-- Дамп данных таблицы `product_attribute`
--

INSERT INTO `product_attribute` (`product_id`, `attribute_id`, `language_id`, `text`) VALUES
(43, 2, 1, '1'),
(47, 2, 2, '4'),
(43, 4, 1, '8gb'),
(42, 4, 2, 'sss'),
(43, 2, 2, '1'),
(47, 2, 1, '4'),
(43, 4, 2, '8gb'),
(42, 4, 1, 'sss'),
(47, 4, 1, '16GB'),
(47, 4, 2, '16GB'),
(42, 3, 2, '100mhz'),
(42, 3, 1, '100mhz'),
(50, 12, 1, '22'),
(50, 12, 2, '22'),
(50, 13, 1, '0,5'),
(50, 13, 2, '0,5'),
(50, 14, 1, 'синтетика'),
(50, 14, 2, 'синтетика');

-- --------------------------------------------------------

--
-- Структура таблицы `product_description`
--

CREATE TABLE IF NOT EXISTS `product_description` (
  `product_id` int(11) NOT NULL AUTO_INCREMENT,
  `language_id` int(11) NOT NULL,
  `name` varchar(255) COLLATE utf8_bin NOT NULL,
  `description` text COLLATE utf8_bin NOT NULL,
  `meta_description` varchar(255) COLLATE utf8_bin NOT NULL,
  `meta_keyword` varchar(255) COLLATE utf8_bin NOT NULL,
  `tag` text COLLATE utf8_bin NOT NULL,
  PRIMARY KEY (`product_id`,`language_id`),
  KEY `name` (`name`),
  FULLTEXT KEY `description` (`description`),
  FULLTEXT KEY `tag` (`tag`)
) ENGINE=MyISAM  DEFAULT CHARSET=utf8 COLLATE=utf8_bin AUTO_INCREMENT=51 ;

--
-- Дамп данных таблицы `product_description`
--

INSERT INTO `product_description` (`product_id`, `language_id`, `name`, `description`, `meta_description`, `meta_keyword`, `tag`) VALUES
(35, 1, 'Product 8', '&lt;p&gt;\r\n	Product 8&lt;/p&gt;\r\n', '', '', ''),
(48, 1, 'iPod Classic', '&lt;div class=&quot;cpt_product_description &quot;&gt;\r\n	&lt;div&gt;\r\n		&lt;p&gt;\r\n			&lt;strong&gt;More room to move.&lt;/strong&gt;&lt;/p&gt;\r\n		&lt;p&gt;\r\n			With 80GB or 160GB of storage and up to 40 hours of battery life, the new iPod classic lets you enjoy up to 40,000 songs or up to 200 hours of video or any combination wherever you go.&lt;/p&gt;\r\n		&lt;p&gt;\r\n			&lt;strong&gt;Cover Flow.&lt;/strong&gt;&lt;/p&gt;\r\n		&lt;p&gt;\r\n			Browse through your music collection by flipping through album art. Select an album to turn it over and see the track list.&lt;/p&gt;\r\n		&lt;p&gt;\r\n			&lt;strong&gt;Enhanced interface.&lt;/strong&gt;&lt;/p&gt;\r\n		&lt;p&gt;\r\n			Experience a whole new way to browse and view your music and video.&lt;/p&gt;\r\n		&lt;p&gt;\r\n			&lt;strong&gt;Sleeker design.&lt;/strong&gt;&lt;/p&gt;\r\n		&lt;p&gt;\r\n			Beautiful, durable, and sleeker than ever, iPod classic now features an anodized aluminum and polished stainless steel enclosure with rounded edges.&lt;/p&gt;\r\n	&lt;/div&gt;\r\n&lt;/div&gt;\r\n&lt;!-- cpt_container_end --&gt;', '', '', ''),
(40, 1, 'iPhone', '&lt;p class=&quot;intro&quot;&gt;\r\n	iPhone is a revolutionary new mobile phone that allows you to make a call by simply tapping a name or number in your address book, a favorites list, or a call log. It also automatically syncs all your contacts from a PC, Mac, or Internet service. And it lets you select and listen to voicemail messages in whatever order you want just like email.&lt;/p&gt;\r\n', '', '', ''),
(28, 1, 'HTC Touch HD', '&lt;p&gt;\r\n	HTC Touch - in High Definition. Watch music videos and streaming content in awe-inspiring high definition clarity for a mobile experience you never thought possible. Seductively sleek, the HTC Touch HD provides the next generation of mobile functionality, all at a simple touch. Fully integrated with Windows Mobile Professional 6.1, ultrafast 3.5G, GPS, 5MP camera, plus lots more - all delivered on a breathtakingly crisp 3.8&quot; WVGA touchscreen - you can take control of your mobile world with the HTC Touch HD.&lt;/p&gt;\r\n&lt;p&gt;\r\n	&lt;strong&gt;Features&lt;/strong&gt;&lt;/p&gt;\r\n&lt;ul&gt;\r\n	&lt;li&gt;\r\n		Processor Qualcomm® MSM 7201A™ 528 MHz&lt;/li&gt;\r\n	&lt;li&gt;\r\n		Windows Mobile® 6.1 Professional Operating System&lt;/li&gt;\r\n	&lt;li&gt;\r\n		Memory: 512 MB ROM, 288 MB RAM&lt;/li&gt;\r\n	&lt;li&gt;\r\n		Dimensions: 115 mm x 62.8 mm x 12 mm / 146.4 grams&lt;/li&gt;\r\n	&lt;li&gt;\r\n		3.8-inch TFT-LCD flat touch-sensitive screen with 480 x 800 WVGA resolution&lt;/li&gt;\r\n	&lt;li&gt;\r\n		HSDPA/WCDMA: Europe/Asia: 900/2100 MHz; Up to 2 Mbps up-link and 7.2 Mbps down-link speeds&lt;/li&gt;\r\n	&lt;li&gt;\r\n		Quad-band GSM/GPRS/EDGE: Europe/Asia: 850/900/1800/1900 MHz (Band frequency, HSUPA availability, and data speed are operator dependent.)&lt;/li&gt;\r\n	&lt;li&gt;\r\n		Device Control via HTC TouchFLO™ 3D &amp;amp; Touch-sensitive front panel buttons&lt;/li&gt;\r\n	&lt;li&gt;\r\n		GPS and A-GPS ready&lt;/li&gt;\r\n	&lt;li&gt;\r\n		Bluetooth® 2.0 with Enhanced Data Rate and A2DP for wireless stereo headsets&lt;/li&gt;\r\n	&lt;li&gt;\r\n		Wi-Fi®: IEEE 802.11 b/g&lt;/li&gt;\r\n	&lt;li&gt;\r\n		HTC ExtUSB™ (11-pin mini-USB 2.0)&lt;/li&gt;\r\n	&lt;li&gt;\r\n		5 megapixel color camera with auto focus&lt;/li&gt;\r\n	&lt;li&gt;\r\n		VGA CMOS color camera&lt;/li&gt;\r\n	&lt;li&gt;\r\n		Built-in 3.5 mm audio jack, microphone, speaker, and FM radio&lt;/li&gt;\r\n	&lt;li&gt;\r\n		Ring tone formats: AAC, AAC+, eAAC+, AMR-NB, AMR-WB, QCP, MP3, WMA, WAV&lt;/li&gt;\r\n	&lt;li&gt;\r\n		40 polyphonic and standard MIDI format 0 and 1 (SMF)/SP MIDI&lt;/li&gt;\r\n	&lt;li&gt;\r\n		Rechargeable Lithium-ion or Lithium-ion polymer 1350 mAh battery&lt;/li&gt;\r\n	&lt;li&gt;\r\n		Expansion Slot: microSD™ memory card (SD 2.0 compatible)&lt;/li&gt;\r\n	&lt;li&gt;\r\n		AC Adapter Voltage range/frequency: 100 ~ 240V AC, 50/60 Hz DC output: 5V and 1A&lt;/li&gt;\r\n	&lt;li&gt;\r\n		Special Features: FM Radio, G-Sensor&lt;/li&gt;\r\n&lt;/ul&gt;\r\n', '', '', ''),
(28, 2, 'HTC Touch HD', '&lt;p&gt;\r\n	HTC Touch - in High Definition. Watch music videos and streaming content in awe-inspiring high definition clarity for a mobile experience you never thought possible. Seductively sleek, the HTC Touch HD provides the next generation of mobile functionality, all at a simple touch. Fully integrated with Windows Mobile Professional 6.1, ultrafast 3.5G, GPS, 5MP camera, plus lots more - all delivered on a breathtakingly crisp 3.8&quot; WVGA touchscreen - you can take control of your mobile world with the HTC Touch HD.&lt;/p&gt;\r\n&lt;p&gt;\r\n	&lt;strong&gt;Features&lt;/strong&gt;&lt;/p&gt;\r\n&lt;ul&gt;\r\n	&lt;li&gt;\r\n		Processor Qualcomm® MSM 7201A™ 528 MHz&lt;/li&gt;\r\n	&lt;li&gt;\r\n		Windows Mobile® 6.1 Professional Operating System&lt;/li&gt;\r\n	&lt;li&gt;\r\n		Memory: 512 MB ROM, 288 MB RAM&lt;/li&gt;\r\n	&lt;li&gt;\r\n		Dimensions: 115 mm x 62.8 mm x 12 mm / 146.4 grams&lt;/li&gt;\r\n	&lt;li&gt;\r\n		3.8-inch TFT-LCD flat touch-sensitive screen with 480 x 800 WVGA resolution&lt;/li&gt;\r\n	&lt;li&gt;\r\n		HSDPA/WCDMA: Europe/Asia: 900/2100 MHz; Up to 2 Mbps up-link and 7.2 Mbps down-link speeds&lt;/li&gt;\r\n	&lt;li&gt;\r\n		Quad-band GSM/GPRS/EDGE: Europe/Asia: 850/900/1800/1900 MHz (Band frequency, HSUPA availability, and data speed are operator dependent.)&lt;/li&gt;\r\n	&lt;li&gt;\r\n		Device Control via HTC TouchFLO™ 3D &amp;amp; Touch-sensitive front panel buttons&lt;/li&gt;\r\n	&lt;li&gt;\r\n		GPS and A-GPS ready&lt;/li&gt;\r\n	&lt;li&gt;\r\n		Bluetooth® 2.0 with Enhanced Data Rate and A2DP for wireless stereo headsets&lt;/li&gt;\r\n	&lt;li&gt;\r\n		Wi-Fi®: IEEE 802.11 b/g&lt;/li&gt;\r\n	&lt;li&gt;\r\n		HTC ExtUSB™ (11-pin mini-USB 2.0)&lt;/li&gt;\r\n	&lt;li&gt;\r\n		5 megapixel color camera with auto focus&lt;/li&gt;\r\n	&lt;li&gt;\r\n		VGA CMOS color camera&lt;/li&gt;\r\n	&lt;li&gt;\r\n		Built-in 3.5 mm audio jack, microphone, speaker, and FM radio&lt;/li&gt;\r\n	&lt;li&gt;\r\n		Ring tone formats: AAC, AAC+, eAAC+, AMR-NB, AMR-WB, QCP, MP3, WMA, WAV&lt;/li&gt;\r\n	&lt;li&gt;\r\n		40 polyphonic and standard MIDI format 0 and 1 (SMF)/SP MIDI&lt;/li&gt;\r\n	&lt;li&gt;\r\n		Rechargeable Lithium-ion or Lithium-ion polymer 1350 mAh battery&lt;/li&gt;\r\n	&lt;li&gt;\r\n		Expansion Slot: microSD™ memory card (SD 2.0 compatible)&lt;/li&gt;\r\n	&lt;li&gt;\r\n		AC Adapter Voltage range/frequency: 100 ~ 240V AC, 50/60 Hz DC output: 5V and 1A&lt;/li&gt;\r\n	&lt;li&gt;\r\n		Special Features: FM Radio, G-Sensor&lt;/li&gt;\r\n&lt;/ul&gt;\r\n', '', '', ''),
(44, 1, 'MacBook Air', '&lt;div&gt;\r\n	MacBook Air is ultrathin, ultraportable, and ultra unlike anything else. But you don&amp;rsquo;t lose inches and pounds overnight. It&amp;rsquo;s the result of rethinking conventions. Of multiple wireless innovations. And of breakthrough design. With MacBook Air, mobile computing suddenly has a new standard.&lt;/div&gt;\r\n', '', '', ''),
(45, 1, 'MacBook Pro', '&lt;div class=&quot;cpt_product_description &quot;&gt;\r\n	&lt;div&gt;\r\n		&lt;p&gt;\r\n			&lt;b&gt;Latest Intel mobile architecture&lt;/b&gt;&lt;/p&gt;\r\n		&lt;p&gt;\r\n			Powered by the most advanced mobile processors from Intel, the new Core 2 Duo MacBook Pro is over 50% faster than the original Core Duo MacBook Pro and now supports up to 4GB of RAM.&lt;/p&gt;\r\n		&lt;p&gt;\r\n			&lt;b&gt;Leading-edge graphics&lt;/b&gt;&lt;/p&gt;\r\n		&lt;p&gt;\r\n			The NVIDIA GeForce 8600M GT delivers exceptional graphics processing power. For the ultimate creative canvas, you can even configure the 17-inch model with a 1920-by-1200 resolution display.&lt;/p&gt;\r\n		&lt;p&gt;\r\n			&lt;b&gt;Designed for life on the road&lt;/b&gt;&lt;/p&gt;\r\n		&lt;p&gt;\r\n			Innovations such as a magnetic power connection and an illuminated keyboard with ambient light sensor put the MacBook Pro in a class by itself.&lt;/p&gt;\r\n		&lt;p&gt;\r\n			&lt;b&gt;Connect. Create. Communicate.&lt;/b&gt;&lt;/p&gt;\r\n		&lt;p&gt;\r\n			Quickly set up a video conference with the built-in iSight camera. Control presentations and media from up to 30 feet away with the included Apple Remote. Connect to high-bandwidth peripherals with FireWire 800 and DVI.&lt;/p&gt;\r\n		&lt;p&gt;\r\n			&lt;b&gt;Next-generation wireless&lt;/b&gt;&lt;/p&gt;\r\n		&lt;p&gt;\r\n			Featuring 802.11n wireless technology, the MacBook Pro delivers up to five times the performance and up to twice the range of previous-generation technologies.&lt;/p&gt;\r\n	&lt;/div&gt;\r\n&lt;/div&gt;\r\n&lt;!-- cpt_container_end --&gt;', '', '', ''),
(29, 1, 'Palm Treo Pro', '&lt;p&gt;\r\n	Redefine your workday with the Palm Treo Pro smartphone. Perfectly balanced, you can respond to business and personal email, stay on top of appointments and contacts, and use Wi-Fi or GPS when you&amp;rsquo;re out and about. Then watch a video on YouTube, catch up with news and sports on the web, or listen to a few songs. Balance your work and play the way you like it, with the Palm Treo Pro.&lt;/p&gt;\r\n&lt;p&gt;\r\n	&lt;strong&gt;Features&lt;/strong&gt;&lt;/p&gt;\r\n&lt;ul&gt;\r\n	&lt;li&gt;\r\n		Windows Mobile&amp;reg; 6.1 Professional Edition&lt;/li&gt;\r\n	&lt;li&gt;\r\n		Qualcomm&amp;reg; MSM7201 400MHz Processor&lt;/li&gt;\r\n	&lt;li&gt;\r\n		320x320 transflective colour TFT touchscreen&lt;/li&gt;\r\n	&lt;li&gt;\r\n		HSDPA/UMTS/EDGE/GPRS/GSM radio&lt;/li&gt;\r\n	&lt;li&gt;\r\n		Tri-band UMTS &amp;mdash; 850MHz, 1900MHz, 2100MHz&lt;/li&gt;\r\n	&lt;li&gt;\r\n		Quad-band GSM &amp;mdash; 850/900/1800/1900&lt;/li&gt;\r\n	&lt;li&gt;\r\n		802.11b/g with WPA, WPA2, and 801.1x authentication&lt;/li&gt;\r\n	&lt;li&gt;\r\n		Built-in GPS&lt;/li&gt;\r\n	&lt;li&gt;\r\n		Bluetooth Version: 2.0 + Enhanced Data Rate&lt;/li&gt;\r\n	&lt;li&gt;\r\n		256MB storage (100MB user available), 128MB RAM&lt;/li&gt;\r\n	&lt;li&gt;\r\n		2.0 megapixel camera, up to 8x digital zoom and video capture&lt;/li&gt;\r\n	&lt;li&gt;\r\n		Removable, rechargeable 1500mAh lithium-ion battery&lt;/li&gt;\r\n	&lt;li&gt;\r\n		Up to 5.0 hours talk time and up to 250 hours standby&lt;/li&gt;\r\n	&lt;li&gt;\r\n		MicroSDHC card expansion (up to 32GB supported)&lt;/li&gt;\r\n	&lt;li&gt;\r\n		MicroUSB 2.0 for synchronization and charging&lt;/li&gt;\r\n	&lt;li&gt;\r\n		3.5mm stereo headset jack&lt;/li&gt;\r\n	&lt;li&gt;\r\n		60mm (W) x 114mm (L) x 13.5mm (D) / 133g&lt;/li&gt;\r\n&lt;/ul&gt;\r\n', '', '', ''),
(36, 1, 'iPod Nano', '&lt;div&gt;\r\n	&lt;p&gt;\r\n		&lt;strong&gt;Video in your pocket.&lt;/strong&gt;&lt;/p&gt;\r\n	&lt;p&gt;\r\n		Its the small iPod with one very big idea: video. The worlds most popular music player now lets you enjoy movies, TV shows, and more on a two-inch display thats 65% brighter than before.&lt;/p&gt;\r\n	&lt;p&gt;\r\n		&lt;strong&gt;Cover Flow.&lt;/strong&gt;&lt;/p&gt;\r\n	&lt;p&gt;\r\n		Browse through your music collection by flipping through album art. Select an album to turn it over and see the track list.&lt;strong&gt;&amp;nbsp;&lt;/strong&gt;&lt;/p&gt;\r\n	&lt;p&gt;\r\n		&lt;strong&gt;Enhanced interface.&lt;/strong&gt;&lt;/p&gt;\r\n	&lt;p&gt;\r\n		Experience a whole new way to browse and view your music and video.&lt;/p&gt;\r\n	&lt;p&gt;\r\n		&lt;strong&gt;Sleek and colorful.&lt;/strong&gt;&lt;/p&gt;\r\n	&lt;p&gt;\r\n		With an anodized aluminum and polished stainless steel enclosure and a choice of five colors, iPod nano is dressed to impress.&lt;/p&gt;\r\n	&lt;p&gt;\r\n		&lt;strong&gt;iTunes.&lt;/strong&gt;&lt;/p&gt;\r\n	&lt;p&gt;\r\n		Available as a free download, iTunes makes it easy to browse and buy millions of songs, movies, TV shows, audiobooks, and games and download free podcasts all at the iTunes Store. And you can import your own music, manage your whole media library, and sync your iPod or iPhone with ease.&lt;/p&gt;\r\n&lt;/div&gt;\r\n', '', '', ''),
(46, 1, 'Sony VAIO', '&lt;div&gt;\r\n	Unprecedented power. The next generation of processing technology has arrived. Built into the newest VAIO notebooks lies Intel&amp;#39;s latest, most powerful innovation yet: Intel&amp;reg; Centrino&amp;reg; 2 processor technology. Boasting incredible speed, expanded wireless connectivity, enhanced multimedia support and greater energy efficiency, all the high-performance essentials are seamlessly combined into a single chip.&lt;/div&gt;\r\n', '', '', ''),
(47, 2, 'HP LP3065', '&lt;p&gt;\r\n	Stop your co-workers in their tracks with the stunning new 30-inch diagonal HP LP3065 Flat Panel Monitor. This flagship monitor features best-in-class performance and presentation features on a huge wide-aspect screen while letting you work as comfortably as possible - you might even forget you''re at the office&lt;/p&gt;\r\n', '', '', ''),
(32, 1, 'iPod Touch', '&lt;p&gt;\r\n	&lt;strong&gt;Revolutionary multi-touch interface.&lt;/strong&gt;&lt;br /&gt;\r\n	iPod touch features the same multi-touch screen technology as iPhone. Pinch to zoom in on a photo. Scroll through your songs and videos with a flick. Flip through your library by album artwork with Cover Flow.&lt;/p&gt;\r\n&lt;p&gt;\r\n	&lt;strong&gt;Gorgeous 3.5-inch widescreen display.&lt;/strong&gt;&lt;br /&gt;\r\n	Watch your movies, TV shows, and photos come alive with bright, vivid color on the 320-by-480-pixel display.&lt;/p&gt;\r\n&lt;p&gt;\r\n	&lt;strong&gt;Music downloads straight from iTunes.&lt;/strong&gt;&lt;br /&gt;\r\n	Shop the iTunes Wi-Fi Music Store from anywhere with Wi-Fi.1 Browse or search to find the music youre looking for, preview it, and buy it with just a tap.&lt;/p&gt;\r\n&lt;p&gt;\r\n	&lt;strong&gt;Surf the web with Wi-Fi.&lt;/strong&gt;&lt;br /&gt;\r\n	Browse the web using Safari and watch YouTube videos on the first iPod with Wi-Fi built in&lt;br /&gt;\r\n	&amp;nbsp;&lt;/p&gt;\r\n', '', '', ''),
(41, 1, 'iMac', '&lt;div&gt;\r\n	Just when you thought iMac had everything, now there&acute;s even more. More powerful Intel Core 2 Duo processors. And more memory standard. Combine this with Mac OS X Leopard and iLife &acute;08, and it&acute;s more all-in-one than ever. iMac packs amazing performance into a stunningly slim space.&lt;/div&gt;\r\n', '', '', ''),
(33, 1, 'Samsung SyncMaster 941BW', '&lt;div&gt;\r\n	Imagine the advantages of going big without slowing down. The big 19&amp;quot; 941BW monitor combines wide aspect ratio with fast pixel response time, for bigger images, more room to work and crisp motion. In addition, the exclusive MagicBright 2, MagicColor and MagicTune technologies help deliver the ideal image in every situation, while sleek, narrow bezels and adjustable stands deliver style just the way you want it. With the Samsung 941BW widescreen analog/digital LCD monitor, it&amp;#39;s not hard to imagine.&lt;/div&gt;\r\n', '', '', ''),
(34, 1, 'iPod Shuffle', '&lt;div&gt;\r\n	&lt;strong&gt;Born to be worn.&lt;/strong&gt;\r\n	&lt;p&gt;\r\n		Clip on the worlds most wearable music player and take up to 240 songs with you anywhere. Choose from five colors including four new hues to make your musical fashion statement.&lt;/p&gt;\r\n	&lt;p&gt;\r\n		&lt;strong&gt;Random meets rhythm.&lt;/strong&gt;&lt;/p&gt;\r\n	&lt;p&gt;\r\n		With iTunes autofill, iPod shuffle can deliver a new musical experience every time you sync. For more randomness, you can shuffle songs during playback with the slide of a switch.&lt;/p&gt;\r\n	&lt;strong&gt;Everything is easy.&lt;/strong&gt;\r\n	&lt;p&gt;\r\n		Charge and sync with the included USB dock. Operate the iPod shuffle controls with one hand. Enjoy up to 12 hours straight of skip-free music playback.&lt;/p&gt;\r\n&lt;/div&gt;\r\n', '', '', ''),
(43, 1, 'MacBook', '&lt;div&gt;\r\n	&lt;p&gt;\r\n		&lt;b&gt;Intel Core 2 Duo processor&lt;/b&gt;&lt;/p&gt;\r\n	&lt;p&gt;\r\n		Powered by an Intel Core 2 Duo processor at speeds up to 2.16GHz, the new MacBook is the fastest ever.&lt;/p&gt;\r\n	&lt;p&gt;\r\n		&lt;b&gt;1GB memory, larger hard drives&lt;/b&gt;&lt;/p&gt;\r\n	&lt;p&gt;\r\n		The new MacBook now comes with 1GB of memory standard and larger hard drives for the entire line perfect for running more of your favorite applications and storing growing media collections.&lt;/p&gt;\r\n	&lt;p&gt;\r\n		&lt;b&gt;Sleek, 1.08-inch-thin design&lt;/b&gt;&lt;/p&gt;\r\n	&lt;p&gt;\r\n		MacBook makes it easy to hit the road thanks to its tough polycarbonate case, built-in wireless technologies, and innovative MagSafe Power Adapter that releases automatically if someone accidentally trips on the cord.&lt;/p&gt;\r\n	&lt;p&gt;\r\n		&lt;b&gt;Built-in iSight camera&lt;/b&gt;&lt;/p&gt;\r\n	&lt;p&gt;\r\n		Right out of the box, you can have a video chat with friends or family,2 record a video at your desk, or take fun pictures with Photo Booth&lt;/p&gt;\r\n&lt;/div&gt;\r\n', '', '', ''),
(31, 1, 'Nikon D300', '&lt;div class=&quot;cpt_product_description &quot;&gt;\r\n	&lt;div&gt;\r\n		Engineered with pro-level features and performance, the 12.3-effective-megapixel D300 combines brand new technologies with advanced features inherited from Nikon&amp;#39;s newly announced D3 professional digital SLR camera to offer serious photographers remarkable performance combined with agility.&lt;br /&gt;\r\n		&lt;br /&gt;\r\n		Similar to the D3, the D300 features Nikon&amp;#39;s exclusive EXPEED Image Processing System that is central to driving the speed and processing power needed for many of the camera&amp;#39;s new features. The D300 features a new 51-point autofocus system with Nikon&amp;#39;s 3D Focus Tracking feature and two new LiveView shooting modes that allow users to frame a photograph using the camera&amp;#39;s high-resolution LCD monitor. The D300 shares a similar Scene Recognition System as is found in the D3; it promises to greatly enhance the accuracy of autofocus, autoexposure, and auto white balance by recognizing the subject or scene being photographed and applying this information to the calculations for the three functions.&lt;br /&gt;\r\n		&lt;br /&gt;\r\n		The D300 reacts with lightning speed, powering up in a mere 0.13 seconds and shooting with an imperceptible 45-millisecond shutter release lag time. The D300 is capable of shooting at a rapid six frames per second and can go as fast as eight frames per second when using the optional MB-D10 multi-power battery pack. In continuous bursts, the D300 can shoot up to 100 shots at full 12.3-megapixel resolution. (NORMAL-LARGE image setting, using a SanDisk Extreme IV 1GB CompactFlash card.)&lt;br /&gt;\r\n		&lt;br /&gt;\r\n		The D300 incorporates a range of innovative technologies and features that will significantly improve the accuracy, control, and performance photographers can get from their equipment. Its new Scene Recognition System advances the use of Nikon&amp;#39;s acclaimed 1,005-segment sensor to recognize colors and light patterns that help the camera determine the subject and the type of scene being photographed before a picture is taken. This information is used to improve the accuracy of autofocus, autoexposure, and auto white balance functions in the D300. For example, the camera can track moving subjects better and by identifying them, it can also automatically select focus points faster and with greater accuracy. It can also analyze highlights and more accurately determine exposure, as well as infer light sources to deliver more accurate white balance detection.&lt;/div&gt;\r\n&lt;/div&gt;\r\n&lt;!-- cpt_container_end --&gt;', '', '', ''),
(49, 1, 'Samsung Galaxy Tab 10.1', '&lt;p&gt;\r\n	Samsung Galaxy Tab 10.1, is the world&amp;rsquo;s thinnest tablet, measuring 8.6 mm thickness, running with Android 3.0 Honeycomb OS on a 1GHz dual-core Tegra 2 processor, similar to its younger brother Samsung Galaxy Tab 8.9.&lt;/p&gt;\r\n&lt;p&gt;\r\n	Samsung Galaxy Tab 10.1 gives pure Android 3.0 experience, adding its new TouchWiz UX or TouchWiz 4.0 &amp;ndash; includes a live panel, which lets you to customize with different content, such as your pictures, bookmarks, and social feeds, sporting a 10.1 inches WXGA capacitive touch screen with 1280 x 800 pixels of resolution, equipped with 3 megapixel rear camera with LED flash and a 2 megapixel front camera, HSPA+ connectivity up to 21Mbps, 720p HD video recording capability, 1080p HD playback, DLNA support, Bluetooth 2.1, USB 2.0, gyroscope, Wi-Fi 802.11 a/b/g/n, micro-SD slot, 3.5mm headphone jack, and SIM slot, including the Samsung Stick &amp;ndash; a Bluetooth microphone that can be carried in a pocket like a pen and sound dock with powered subwoofer.&lt;/p&gt;\r\n&lt;p&gt;\r\n	Samsung Galaxy Tab 10.1 will come in 16GB / 32GB / 64GB verities and pre-loaded with Social Hub, Reader&amp;rsquo;s Hub, Music Hub and Samsung Mini Apps Tray &amp;ndash; which gives you access to more commonly used apps to help ease multitasking and it is capable of Adobe Flash Player 10.2, powered by 6860mAh battery that gives you 10hours of video-playback time.&amp;nbsp;&amp;auml;&amp;ouml;&lt;/p&gt;\r\n', '', '', ''),
(42, 1, 'Apple Cinema 30&quot;', '', '', '', ''),
(42, 2, 'Apple Cinema 30&quot;', '', '', '', ''),
(50, 1, 'масло', '', '', '', ''),
(50, 2, 'масло', '', '', '', ''),
(30, 1, 'Canon EOS 5D', '&lt;p&gt;\r\n	Canon''s press material for the EOS 5D states that it ''defines (a) new D-SLR category'', while we''re not typically too concerned with marketing talk this particular statement is clearly pretty accurate. The EOS 5D is unlike any previous digital SLR in that it combines a full-frame (35 mm sized) high resolution sensor (12.8 megapixels) with a relatively compact body (slightly larger than the EOS 20D, although in your hand it feels noticeably ''chunkier''). The EOS 5D is aimed to slot in between the EOS 20D and the EOS-1D professional digital SLR''s, an important difference when compared to the latter is that the EOS 5D doesn''t have any environmental seals. While Canon don''t specifically refer to the EOS 5D as a ''professional'' digital SLR it will have obvious appeal to professionals who want a high quality digital SLR in a body lighter than the EOS-1D. It will also no doubt appeal to current EOS 20D owners (although lets hope they''ve not bought too many EF-S lenses...) äë&lt;/p&gt;\r\n', '', '', ''),
(35, 2, 'Product 8', '&lt;p&gt;\r\n	Product 8&lt;/p&gt;\r\n', '', '', ''),
(48, 2, 'iPod Classic', '&lt;div class=&quot;cpt_product_description &quot;&gt;\r\n	&lt;div&gt;\r\n		&lt;p&gt;\r\n			&lt;strong&gt;More room to move.&lt;/strong&gt;&lt;/p&gt;\r\n		&lt;p&gt;\r\n			With 80GB or 160GB of storage and up to 40 hours of battery life, the new iPod classic lets you enjoy up to 40,000 songs or up to 200 hours of video or any combination wherever you go.&lt;/p&gt;\r\n		&lt;p&gt;\r\n			&lt;strong&gt;Cover Flow.&lt;/strong&gt;&lt;/p&gt;\r\n		&lt;p&gt;\r\n			Browse through your music collection by flipping through album art. Select an album to turn it over and see the track list.&lt;/p&gt;\r\n		&lt;p&gt;\r\n			&lt;strong&gt;Enhanced interface.&lt;/strong&gt;&lt;/p&gt;\r\n		&lt;p&gt;\r\n			Experience a whole new way to browse and view your music and video.&lt;/p&gt;\r\n		&lt;p&gt;\r\n			&lt;strong&gt;Sleeker design.&lt;/strong&gt;&lt;/p&gt;\r\n		&lt;p&gt;\r\n			Beautiful, durable, and sleeker than ever, iPod classic now features an anodized aluminum and polished stainless steel enclosure with rounded edges.&lt;/p&gt;\r\n	&lt;/div&gt;\r\n&lt;/div&gt;\r\n&lt;!-- cpt_container_end --&gt;', '', '', ''),
(40, 2, 'iPhone', '&lt;p class=&quot;intro&quot;&gt;\r\n	iPhone is a revolutionary new mobile phone that allows you to make a call by simply tapping a name or number in your address book, a favorites list, or a call log. It also automatically syncs all your contacts from a PC, Mac, or Internet service. And it lets you select and listen to voicemail messages in whatever order you want just like email.&lt;/p&gt;\r\n', '', '', ''),
(44, 2, 'MacBook Air', '&lt;div&gt;\r\n	MacBook Air is ultrathin, ultraportable, and ultra unlike anything else. But you don&amp;rsquo;t lose inches and pounds overnight. It&amp;rsquo;s the result of rethinking conventions. Of multiple wireless innovations. And of breakthrough design. With MacBook Air, mobile computing suddenly has a new standard.&lt;/div&gt;\r\n', '', '', ''),
(45, 2, 'MacBook Pro', '&lt;div class=&quot;cpt_product_description &quot;&gt;\r\n	&lt;div&gt;\r\n		&lt;p&gt;\r\n			&lt;b&gt;Latest Intel mobile architecture&lt;/b&gt;&lt;/p&gt;\r\n		&lt;p&gt;\r\n			Powered by the most advanced mobile processors from Intel, the new Core 2 Duo MacBook Pro is over 50% faster than the original Core Duo MacBook Pro and now supports up to 4GB of RAM.&lt;/p&gt;\r\n		&lt;p&gt;\r\n			&lt;b&gt;Leading-edge graphics&lt;/b&gt;&lt;/p&gt;\r\n		&lt;p&gt;\r\n			The NVIDIA GeForce 8600M GT delivers exceptional graphics processing power. For the ultimate creative canvas, you can even configure the 17-inch model with a 1920-by-1200 resolution display.&lt;/p&gt;\r\n		&lt;p&gt;\r\n			&lt;b&gt;Designed for life on the road&lt;/b&gt;&lt;/p&gt;\r\n		&lt;p&gt;\r\n			Innovations such as a magnetic power connection and an illuminated keyboard with ambient light sensor put the MacBook Pro in a class by itself.&lt;/p&gt;\r\n		&lt;p&gt;\r\n			&lt;b&gt;Connect. Create. Communicate.&lt;/b&gt;&lt;/p&gt;\r\n		&lt;p&gt;\r\n			Quickly set up a video conference with the built-in iSight camera. Control presentations and media from up to 30 feet away with the included Apple Remote. Connect to high-bandwidth peripherals with FireWire 800 and DVI.&lt;/p&gt;\r\n		&lt;p&gt;\r\n			&lt;b&gt;Next-generation wireless&lt;/b&gt;&lt;/p&gt;\r\n		&lt;p&gt;\r\n			Featuring 802.11n wireless technology, the MacBook Pro delivers up to five times the performance and up to twice the range of previous-generation technologies.&lt;/p&gt;\r\n	&lt;/div&gt;\r\n&lt;/div&gt;\r\n&lt;!-- cpt_container_end --&gt;', '', '', ''),
(29, 2, 'Palm Treo Pro', '&lt;p&gt;\r\n	Redefine your workday with the Palm Treo Pro smartphone. Perfectly balanced, you can respond to business and personal email, stay on top of appointments and contacts, and use Wi-Fi or GPS when you&amp;rsquo;re out and about. Then watch a video on YouTube, catch up with news and sports on the web, or listen to a few songs. Balance your work and play the way you like it, with the Palm Treo Pro.&lt;/p&gt;\r\n&lt;p&gt;\r\n	&lt;strong&gt;Features&lt;/strong&gt;&lt;/p&gt;\r\n&lt;ul&gt;\r\n	&lt;li&gt;\r\n		Windows Mobile&amp;reg; 6.1 Professional Edition&lt;/li&gt;\r\n	&lt;li&gt;\r\n		Qualcomm&amp;reg; MSM7201 400MHz Processor&lt;/li&gt;\r\n	&lt;li&gt;\r\n		320x320 transflective colour TFT touchscreen&lt;/li&gt;\r\n	&lt;li&gt;\r\n		HSDPA/UMTS/EDGE/GPRS/GSM radio&lt;/li&gt;\r\n	&lt;li&gt;\r\n		Tri-band UMTS &amp;mdash; 850MHz, 1900MHz, 2100MHz&lt;/li&gt;\r\n	&lt;li&gt;\r\n		Quad-band GSM &amp;mdash; 850/900/1800/1900&lt;/li&gt;\r\n	&lt;li&gt;\r\n		802.11b/g with WPA, WPA2, and 801.1x authentication&lt;/li&gt;\r\n	&lt;li&gt;\r\n		Built-in GPS&lt;/li&gt;\r\n	&lt;li&gt;\r\n		Bluetooth Version: 2.0 + Enhanced Data Rate&lt;/li&gt;\r\n	&lt;li&gt;\r\n		256MB storage (100MB user available), 128MB RAM&lt;/li&gt;\r\n	&lt;li&gt;\r\n		2.0 megapixel camera, up to 8x digital zoom and video capture&lt;/li&gt;\r\n	&lt;li&gt;\r\n		Removable, rechargeable 1500mAh lithium-ion battery&lt;/li&gt;\r\n	&lt;li&gt;\r\n		Up to 5.0 hours talk time and up to 250 hours standby&lt;/li&gt;\r\n	&lt;li&gt;\r\n		MicroSDHC card expansion (up to 32GB supported)&lt;/li&gt;\r\n	&lt;li&gt;\r\n		MicroUSB 2.0 for synchronization and charging&lt;/li&gt;\r\n	&lt;li&gt;\r\n		3.5mm stereo headset jack&lt;/li&gt;\r\n	&lt;li&gt;\r\n		60mm (W) x 114mm (L) x 13.5mm (D) / 133g&lt;/li&gt;\r\n&lt;/ul&gt;\r\n', '', '', ''),
(36, 2, 'iPod Nano', '&lt;div&gt;\r\n	&lt;p&gt;\r\n		&lt;strong&gt;Video in your pocket.&lt;/strong&gt;&lt;/p&gt;\r\n	&lt;p&gt;\r\n		Its the small iPod with one very big idea: video. The worlds most popular music player now lets you enjoy movies, TV shows, and more on a two-inch display thats 65% brighter than before.&lt;/p&gt;\r\n	&lt;p&gt;\r\n		&lt;strong&gt;Cover Flow.&lt;/strong&gt;&lt;/p&gt;\r\n	&lt;p&gt;\r\n		Browse through your music collection by flipping through album art. Select an album to turn it over and see the track list.&lt;strong&gt;&amp;nbsp;&lt;/strong&gt;&lt;/p&gt;\r\n	&lt;p&gt;\r\n		&lt;strong&gt;Enhanced interface.&lt;/strong&gt;&lt;/p&gt;\r\n	&lt;p&gt;\r\n		Experience a whole new way to browse and view your music and video.&lt;/p&gt;\r\n	&lt;p&gt;\r\n		&lt;strong&gt;Sleek and colorful.&lt;/strong&gt;&lt;/p&gt;\r\n	&lt;p&gt;\r\n		With an anodized aluminum and polished stainless steel enclosure and a choice of five colors, iPod nano is dressed to impress.&lt;/p&gt;\r\n	&lt;p&gt;\r\n		&lt;strong&gt;iTunes.&lt;/strong&gt;&lt;/p&gt;\r\n	&lt;p&gt;\r\n		Available as a free download, iTunes makes it easy to browse and buy millions of songs, movies, TV shows, audiobooks, and games and download free podcasts all at the iTunes Store. And you can import your own music, manage your whole media library, and sync your iPod or iPhone with ease.&lt;/p&gt;\r\n&lt;/div&gt;\r\n', '', '', ''),
(46, 2, 'Sony VAIO', '&lt;div&gt;\r\n	Unprecedented power. The next generation of processing technology has arrived. Built into the newest VAIO notebooks lies Intel&amp;#39;s latest, most powerful innovation yet: Intel&amp;reg; Centrino&amp;reg; 2 processor technology. Boasting incredible speed, expanded wireless connectivity, enhanced multimedia support and greater energy efficiency, all the high-performance essentials are seamlessly combined into a single chip.&lt;/div&gt;\r\n', '', '', ''),
(47, 1, 'HP LP3065', '&lt;p&gt;\r\n	Stop your co-workers in their tracks with the stunning new 30-inch diagonal HP LP3065 Flat Panel Monitor. This flagship monitor features best-in-class performance and presentation features on a huge wide-aspect screen while letting you work as comfortably as possible - you might even forget you''re at the office&lt;/p&gt;\r\n', '', '', ''),
(32, 2, 'iPod Touch', '&lt;p&gt;\r\n	&lt;strong&gt;Revolutionary multi-touch interface.&lt;/strong&gt;&lt;br /&gt;\r\n	iPod touch features the same multi-touch screen technology as iPhone. Pinch to zoom in on a photo. Scroll through your songs and videos with a flick. Flip through your library by album artwork with Cover Flow.&lt;/p&gt;\r\n&lt;p&gt;\r\n	&lt;strong&gt;Gorgeous 3.5-inch widescreen display.&lt;/strong&gt;&lt;br /&gt;\r\n	Watch your movies, TV shows, and photos come alive with bright, vivid color on the 320-by-480-pixel display.&lt;/p&gt;\r\n&lt;p&gt;\r\n	&lt;strong&gt;Music downloads straight from iTunes.&lt;/strong&gt;&lt;br /&gt;\r\n	Shop the iTunes Wi-Fi Music Store from anywhere with Wi-Fi.1 Browse or search to find the music youre looking for, preview it, and buy it with just a tap.&lt;/p&gt;\r\n&lt;p&gt;\r\n	&lt;strong&gt;Surf the web with Wi-Fi.&lt;/strong&gt;&lt;br /&gt;\r\n	Browse the web using Safari and watch YouTube videos on the first iPod with Wi-Fi built in&lt;br /&gt;\r\n	&amp;nbsp;&lt;/p&gt;\r\n', '', '', ''),
(41, 2, 'iMac', '&lt;div&gt;\r\n	Just when you thought iMac had everything, now there&acute;s even more. More powerful Intel Core 2 Duo processors. And more memory standard. Combine this with Mac OS X Leopard and iLife &acute;08, and it&acute;s more all-in-one than ever. iMac packs amazing performance into a stunningly slim space.&lt;/div&gt;\r\n', '', '', ''),
(33, 2, 'Samsung SyncMaster 941BW', '&lt;div&gt;\r\n	Imagine the advantages of going big without slowing down. The big 19&amp;quot; 941BW monitor combines wide aspect ratio with fast pixel response time, for bigger images, more room to work and crisp motion. In addition, the exclusive MagicBright 2, MagicColor and MagicTune technologies help deliver the ideal image in every situation, while sleek, narrow bezels and adjustable stands deliver style just the way you want it. With the Samsung 941BW widescreen analog/digital LCD monitor, it&amp;#39;s not hard to imagine.&lt;/div&gt;\r\n', '', '', ''),
(34, 2, 'iPod Shuffle', '&lt;div&gt;\r\n	&lt;strong&gt;Born to be worn.&lt;/strong&gt;\r\n	&lt;p&gt;\r\n		Clip on the worlds most wearable music player and take up to 240 songs with you anywhere. Choose from five colors including four new hues to make your musical fashion statement.&lt;/p&gt;\r\n	&lt;p&gt;\r\n		&lt;strong&gt;Random meets rhythm.&lt;/strong&gt;&lt;/p&gt;\r\n	&lt;p&gt;\r\n		With iTunes autofill, iPod shuffle can deliver a new musical experience every time you sync. For more randomness, you can shuffle songs during playback with the slide of a switch.&lt;/p&gt;\r\n	&lt;strong&gt;Everything is easy.&lt;/strong&gt;\r\n	&lt;p&gt;\r\n		Charge and sync with the included USB dock. Operate the iPod shuffle controls with one hand. Enjoy up to 12 hours straight of skip-free music playback.&lt;/p&gt;\r\n&lt;/div&gt;\r\n', '', '', ''),
(43, 2, 'MacBook', '&lt;div&gt;\r\n	&lt;p&gt;\r\n		&lt;b&gt;Intel Core 2 Duo processor&lt;/b&gt;&lt;/p&gt;\r\n	&lt;p&gt;\r\n		Powered by an Intel Core 2 Duo processor at speeds up to 2.16GHz, the new MacBook is the fastest ever.&lt;/p&gt;\r\n	&lt;p&gt;\r\n		&lt;b&gt;1GB memory, larger hard drives&lt;/b&gt;&lt;/p&gt;\r\n	&lt;p&gt;\r\n		The new MacBook now comes with 1GB of memory standard and larger hard drives for the entire line perfect for running more of your favorite applications and storing growing media collections.&lt;/p&gt;\r\n	&lt;p&gt;\r\n		&lt;b&gt;Sleek, 1.08-inch-thin design&lt;/b&gt;&lt;/p&gt;\r\n	&lt;p&gt;\r\n		MacBook makes it easy to hit the road thanks to its tough polycarbonate case, built-in wireless technologies, and innovative MagSafe Power Adapter that releases automatically if someone accidentally trips on the cord.&lt;/p&gt;\r\n	&lt;p&gt;\r\n		&lt;b&gt;Built-in iSight camera&lt;/b&gt;&lt;/p&gt;\r\n	&lt;p&gt;\r\n		Right out of the box, you can have a video chat with friends or family,2 record a video at your desk, or take fun pictures with Photo Booth&lt;/p&gt;\r\n&lt;/div&gt;\r\n', '', '', ''),
(31, 2, 'Nikon D300', '&lt;div class=&quot;cpt_product_description &quot;&gt;\r\n	&lt;div&gt;\r\n		Engineered with pro-level features and performance, the 12.3-effective-megapixel D300 combines brand new technologies with advanced features inherited from Nikon&amp;#39;s newly announced D3 professional digital SLR camera to offer serious photographers remarkable performance combined with agility.&lt;br /&gt;\r\n		&lt;br /&gt;\r\n		Similar to the D3, the D300 features Nikon&amp;#39;s exclusive EXPEED Image Processing System that is central to driving the speed and processing power needed for many of the camera&amp;#39;s new features. The D300 features a new 51-point autofocus system with Nikon&amp;#39;s 3D Focus Tracking feature and two new LiveView shooting modes that allow users to frame a photograph using the camera&amp;#39;s high-resolution LCD monitor. The D300 shares a similar Scene Recognition System as is found in the D3; it promises to greatly enhance the accuracy of autofocus, autoexposure, and auto white balance by recognizing the subject or scene being photographed and applying this information to the calculations for the three functions.&lt;br /&gt;\r\n		&lt;br /&gt;\r\n		The D300 reacts with lightning speed, powering up in a mere 0.13 seconds and shooting with an imperceptible 45-millisecond shutter release lag time. The D300 is capable of shooting at a rapid six frames per second and can go as fast as eight frames per second when using the optional MB-D10 multi-power battery pack. In continuous bursts, the D300 can shoot up to 100 shots at full 12.3-megapixel resolution. (NORMAL-LARGE image setting, using a SanDisk Extreme IV 1GB CompactFlash card.)&lt;br /&gt;\r\n		&lt;br /&gt;\r\n		The D300 incorporates a range of innovative technologies and features that will significantly improve the accuracy, control, and performance photographers can get from their equipment. Its new Scene Recognition System advances the use of Nikon&amp;#39;s acclaimed 1,005-segment sensor to recognize colors and light patterns that help the camera determine the subject and the type of scene being photographed before a picture is taken. This information is used to improve the accuracy of autofocus, autoexposure, and auto white balance functions in the D300. For example, the camera can track moving subjects better and by identifying them, it can also automatically select focus points faster and with greater accuracy. It can also analyze highlights and more accurately determine exposure, as well as infer light sources to deliver more accurate white balance detection.&lt;/div&gt;\r\n&lt;/div&gt;\r\n&lt;!-- cpt_container_end --&gt;', '', '', ''),
(49, 2, 'Samsung Galaxy Tab 10.1', '&lt;p&gt;\r\n	Samsung Galaxy Tab 10.1, is the world&amp;rsquo;s thinnest tablet, measuring 8.6 mm thickness, running with Android 3.0 Honeycomb OS on a 1GHz dual-core Tegra 2 processor, similar to its younger brother Samsung Galaxy Tab 8.9.&lt;/p&gt;\r\n&lt;p&gt;\r\n	Samsung Galaxy Tab 10.1 gives pure Android 3.0 experience, adding its new TouchWiz UX or TouchWiz 4.0 &amp;ndash; includes a live panel, which lets you to customize with different content, such as your pictures, bookmarks, and social feeds, sporting a 10.1 inches WXGA capacitive touch screen with 1280 x 800 pixels of resolution, equipped with 3 megapixel rear camera with LED flash and a 2 megapixel front camera, HSPA+ connectivity up to 21Mbps, 720p HD video recording capability, 1080p HD playback, DLNA support, Bluetooth 2.1, USB 2.0, gyroscope, Wi-Fi 802.11 a/b/g/n, micro-SD slot, 3.5mm headphone jack, and SIM slot, including the Samsung Stick &amp;ndash; a Bluetooth microphone that can be carried in a pocket like a pen and sound dock with powered subwoofer.&lt;/p&gt;\r\n&lt;p&gt;\r\n	Samsung Galaxy Tab 10.1 will come in 16GB / 32GB / 64GB verities and pre-loaded with Social Hub, Reader&amp;rsquo;s Hub, Music Hub and Samsung Mini Apps Tray &amp;ndash; which gives you access to more commonly used apps to help ease multitasking and it is capable of Adobe Flash Player 10.2, powered by 6860mAh battery that gives you 10hours of video-playback time.&amp;nbsp;&amp;auml;&amp;ouml;&lt;/p&gt;\r\n', '', '', ''),
(30, 2, 'Canon EOS 5D', '&lt;p&gt;\r\n	Canon''s press material for the EOS 5D states that it ''defines (a) new D-SLR category'', while we''re not typically too concerned with marketing talk this particular statement is clearly pretty accurate. The EOS 5D is unlike any previous digital SLR in that it combines a full-frame (35 mm sized) high resolution sensor (12.8 megapixels) with a relatively compact body (slightly larger than the EOS 20D, although in your hand it feels noticeably ''chunkier''). The EOS 5D is aimed to slot in between the EOS 20D and the EOS-1D professional digital SLR''s, an important difference when compared to the latter is that the EOS 5D doesn''t have any environmental seals. While Canon don''t specifically refer to the EOS 5D as a ''professional'' digital SLR it will have obvious appeal to professionals who want a high quality digital SLR in a body lighter than the EOS-1D. It will also no doubt appeal to current EOS 20D owners (although lets hope they''ve not bought too many EF-S lenses...) äë&lt;/p&gt;\r\n', '', '', '');

-- --------------------------------------------------------

--
-- Структура таблицы `product_discount`
--

CREATE TABLE IF NOT EXISTS `product_discount` (
  `product_discount_id` int(11) NOT NULL AUTO_INCREMENT,
  `product_id` int(11) NOT NULL,
  `customer_group_id` int(11) NOT NULL,
  `quantity` int(4) NOT NULL DEFAULT '0',
  `priority` int(5) NOT NULL DEFAULT '1',
  `price` decimal(15,4) NOT NULL DEFAULT '0.0000',
  `date_start` date NOT NULL DEFAULT '0000-00-00',
  `date_end` date NOT NULL DEFAULT '0000-00-00',
  PRIMARY KEY (`product_discount_id`),
  KEY `product_id` (`product_id`)
) ENGINE=MyISAM  DEFAULT CHARSET=utf8 COLLATE=utf8_bin AUTO_INCREMENT=462 ;

-- --------------------------------------------------------

--
-- Структура таблицы `product_image`
--

CREATE TABLE IF NOT EXISTS `product_image` (
  `product_image_id` int(11) NOT NULL AUTO_INCREMENT,
  `product_id` int(11) NOT NULL,
  `image` varchar(255) COLLATE utf8_bin DEFAULT NULL,
  `sort_order` int(3) NOT NULL DEFAULT '0',
  PRIMARY KEY (`product_image_id`)
) ENGINE=MyISAM  DEFAULT CHARSET=utf8 COLLATE=utf8_bin AUTO_INCREMENT=2422 ;

--
-- Дамп данных таблицы `product_image`
--

INSERT INTO `product_image` (`product_image_id`, `product_id`, `image`, `sort_order`) VALUES
(2408, 30, 'data/demo/canon_eos_5d_2.jpg', 0),
(2362, 47, 'data/demo/hp_2.jpg', 0),
(2410, 28, 'data/demo/htc_touch_hd_2.jpg', 0),
(2351, 41, 'data/demo/imac_3.jpg', 0),
(1982, 40, 'data/demo/iphone_6.jpg', 0),
(2001, 36, 'data/demo/ipod_nano_5.jpg', 0),
(2000, 36, 'data/demo/ipod_nano_4.jpg', 0),
(2005, 34, 'data/demo/ipod_shuffle_5.jpg', 0),
(2004, 34, 'data/demo/ipod_shuffle_4.jpg', 0),
(2011, 32, 'data/demo/ipod_touch_7.jpg', 0),
(2010, 32, 'data/demo/ipod_touch_6.jpg', 0),
(2009, 32, 'data/demo/ipod_touch_5.jpg', 0),
(1971, 43, 'data/demo/macbook_5.jpg', 0),
(1970, 43, 'data/demo/macbook_4.jpg', 0),
(1974, 44, 'data/demo/macbook_air_4.jpg', 0),
(1973, 44, 'data/demo/macbook_air_2.jpg', 0),
(1977, 45, 'data/demo/macbook_pro_2.jpg', 0),
(1976, 45, 'data/demo/macbook_pro_3.jpg', 0),
(1986, 31, 'data/demo/nikon_d300_3.jpg', 0),
(1985, 31, 'data/demo/nikon_d300_2.jpg', 0),
(1988, 29, 'data/demo/palm_treo_pro_3.jpg', 0),
(1995, 46, 'data/demo/sony_vaio_5.jpg', 0),
(1994, 46, 'data/demo/sony_vaio_4.jpg', 0),
(1991, 48, 'data/demo/ipod_classic_4.jpg', 0),
(1990, 48, 'data/demo/ipod_classic_3.jpg', 0),
(1981, 40, 'data/demo/iphone_2.jpg', 0),
(1980, 40, 'data/demo/iphone_5.jpg', 0),
(2407, 30, 'data/demo/canon_eos_5d_3.jpg', 0),
(2361, 47, 'data/demo/hp_3.jpg', 0),
(2409, 28, 'data/demo/htc_touch_hd_3.jpg', 0),
(2350, 41, 'data/demo/imac_2.jpg', 0),
(1979, 40, 'data/demo/iphone_3.jpg', 0),
(1978, 40, 'data/demo/iphone_4.jpg', 0),
(1989, 48, 'data/demo/ipod_classic_2.jpg', 0),
(1999, 36, 'data/demo/ipod_nano_2.jpg', 0),
(1998, 36, 'data/demo/ipod_nano_3.jpg', 0),
(2003, 34, 'data/demo/ipod_shuffle_2.jpg', 0),
(2002, 34, 'data/demo/ipod_shuffle_3.jpg', 0),
(2008, 32, 'data/demo/ipod_touch_2.jpg', 0),
(2007, 32, 'data/demo/ipod_touch_3.jpg', 0),
(2006, 32, 'data/demo/ipod_touch_4.jpg', 0),
(1969, 43, 'data/demo/macbook_2.jpg', 0),
(1968, 43, 'data/demo/macbook_3.jpg', 0),
(1972, 44, 'data/demo/macbook_air_3.jpg', 0),
(1975, 45, 'data/demo/macbook_pro_4.jpg', 0),
(1984, 31, 'data/demo/nikon_d300_4.jpg', 0),
(1983, 31, 'data/demo/nikon_d300_5.jpg', 0),
(1987, 29, 'data/demo/palm_treo_pro_2.jpg', 0),
(1993, 46, 'data/demo/sony_vaio_2.jpg', 0),
(1992, 46, 'data/demo/sony_vaio_3.jpg', 0),
(2327, 49, 'data/demo/samsung_tab_7.jpg', 0),
(2326, 49, 'data/demo/samsung_tab_6.jpg', 0),
(2325, 49, 'data/demo/samsung_tab_5.jpg', 0),
(2324, 49, 'data/demo/samsung_tab_4.jpg', 0),
(2323, 49, 'data/demo/samsung_tab_3.jpg', 0),
(2322, 49, 'data/demo/samsung_tab_2.jpg', 0),
(2420, 42, 'data/demo/canon_eos_5d_1.jpg', 0),
(2419, 42, 'data/demo/compaq_presario.jpg', 0),
(2418, 42, 'data/demo/hp_1.jpg', 0),
(2417, 42, 'data/demo/canon_logo.jpg', 0),
(2416, 42, 'data/demo/canon_eos_5d_2.jpg', 0),
(2421, 50, 'data/logo-maslo.png', 0);

-- --------------------------------------------------------

--
-- Структура таблицы `product_option`
--

CREATE TABLE IF NOT EXISTS `product_option` (
  `product_option_id` int(11) NOT NULL AUTO_INCREMENT,
  `product_id` int(11) NOT NULL,
  `option_id` int(11) NOT NULL,
  `option_value` text COLLATE utf8_bin NOT NULL,
  `required` tinyint(1) NOT NULL,
  PRIMARY KEY (`product_option_id`)
) ENGINE=MyISAM  DEFAULT CHARSET=utf8 COLLATE=utf8_bin AUTO_INCREMENT=227 ;

--
-- Дамп данных таблицы `product_option`
--

INSERT INTO `product_option` (`product_option_id`, `product_id`, `option_id`, `option_value`, `required`) VALUES
(224, 35, 11, '', 1),
(225, 47, 12, '2011-04-22', 1),
(226, 30, 5, '', 1);

-- --------------------------------------------------------

--
-- Структура таблицы `product_option_value`
--

CREATE TABLE IF NOT EXISTS `product_option_value` (
  `product_option_value_id` int(11) NOT NULL AUTO_INCREMENT,
  `product_option_id` int(11) NOT NULL,
  `product_id` int(11) NOT NULL,
  `option_id` int(11) NOT NULL,
  `option_value_id` int(11) NOT NULL,
  `quantity` int(3) NOT NULL,
  `subtract` tinyint(1) NOT NULL,
  `price` decimal(15,4) NOT NULL,
  `price_prefix` varchar(1) COLLATE utf8_bin NOT NULL,
  `points` int(8) NOT NULL,
  `points_prefix` varchar(1) COLLATE utf8_bin NOT NULL,
  `weight` decimal(15,8) NOT NULL,
  `weight_prefix` varchar(1) COLLATE utf8_bin NOT NULL,
  PRIMARY KEY (`product_option_value_id`),
  KEY `option_value_id` (`option_value_id`),
  KEY `product_id` (`product_id`)
) ENGINE=MyISAM  DEFAULT CHARSET=utf8 COLLATE=utf8_bin AUTO_INCREMENT=17 ;

--
-- Дамп данных таблицы `product_option_value`
--

INSERT INTO `product_option_value` (`product_option_value_id`, `product_option_id`, `product_id`, `option_id`, `option_value_id`, `quantity`, `subtract`, `price`, `price_prefix`, `points`, `points_prefix`, `weight`, `weight_prefix`) VALUES
(12, 224, 35, 11, 46, 0, 1, '5.0000', '+', 0, '+', '0.00000000', '+'),
(13, 224, 35, 11, 47, 10, 1, '10.0000', '+', 0, '+', '0.00000000', '+'),
(14, 224, 35, 11, 48, 15, 1, '15.0000', '+', 0, '+', '0.00000000', '+'),
(16, 226, 30, 5, 40, 5, 1, '0.0000', '+', 0, '+', '0.00000000', '+'),
(15, 226, 30, 5, 39, 0, 1, '0.0000', '+', 0, '+', '0.00000000', '+');

-- --------------------------------------------------------

--
-- Структура таблицы `product_related`
--

CREATE TABLE IF NOT EXISTS `product_related` (
  `product_id` int(11) NOT NULL,
  `related_id` int(11) NOT NULL,
  PRIMARY KEY (`product_id`,`related_id`)
) ENGINE=MyISAM DEFAULT CHARSET=utf8 COLLATE=utf8_bin;

-- --------------------------------------------------------

--
-- Структура таблицы `product_reward`
--

CREATE TABLE IF NOT EXISTS `product_reward` (
  `product_reward_id` int(11) NOT NULL AUTO_INCREMENT,
  `product_id` int(11) NOT NULL DEFAULT '0',
  `customer_group_id` int(11) NOT NULL DEFAULT '0',
  `points` int(8) NOT NULL DEFAULT '0',
  PRIMARY KEY (`product_reward_id`)
) ENGINE=MyISAM  DEFAULT CHARSET=utf8 COLLATE=utf8_bin AUTO_INCREMENT=565 ;

--
-- Дамп данных таблицы `product_reward`
--

INSERT INTO `product_reward` (`product_reward_id`, `product_id`, `customer_group_id`, `points`) VALUES
(563, 42, 1, 100),
(549, 47, 1, 300),
(561, 28, 1, 400),
(329, 43, 1, 600),
(339, 29, 1, 0),
(343, 48, 1, 0),
(335, 40, 1, 0),
(560, 30, 1, 200),
(331, 44, 1, 700),
(333, 45, 1, 800),
(337, 31, 1, 0),
(425, 35, 1, 0),
(345, 33, 1, 0),
(347, 46, 1, 0),
(545, 41, 1, 0),
(351, 36, 1, 0),
(353, 34, 1, 0),
(355, 32, 1, 0),
(521, 49, 1, 1000),
(564, 50, 1, 0);

-- --------------------------------------------------------

--
-- Структура таблицы `product_special`
--

CREATE TABLE IF NOT EXISTS `product_special` (
  `product_special_id` int(11) NOT NULL AUTO_INCREMENT,
  `product_id` int(11) NOT NULL,
  `customer_group_id` int(11) NOT NULL,
  `priority` int(5) NOT NULL DEFAULT '1',
  `price` decimal(15,4) NOT NULL DEFAULT '0.0000',
  `date_start` date NOT NULL DEFAULT '0000-00-00',
  `date_end` date NOT NULL DEFAULT '0000-00-00',
  PRIMARY KEY (`product_special_id`),
  KEY `product_id` (`product_id`)
) ENGINE=MyISAM  DEFAULT CHARSET=utf8 COLLATE=utf8_bin AUTO_INCREMENT=451 ;

-- --------------------------------------------------------

--
-- Структура таблицы `product_to_category`
--

CREATE TABLE IF NOT EXISTS `product_to_category` (
  `product_id` int(11) NOT NULL,
  `category_id` int(11) NOT NULL,
  PRIMARY KEY (`product_id`,`category_id`),
  KEY `category_id` (`category_id`)
) ENGINE=MyISAM DEFAULT CHARSET=utf8 COLLATE=utf8_bin;

--
-- Дамп данных таблицы `product_to_category`
--

INSERT INTO `product_to_category` (`product_id`, `category_id`) VALUES
(28, 66),
(30, 66),
(42, 66),
(47, 66),
(47, 68),
(50, 66);

-- --------------------------------------------------------

--
-- Структура таблицы `product_to_download`
--

CREATE TABLE IF NOT EXISTS `product_to_download` (
  `product_id` int(11) NOT NULL,
  `download_id` int(11) NOT NULL,
  PRIMARY KEY (`product_id`,`download_id`)
) ENGINE=MyISAM DEFAULT CHARSET=utf8 COLLATE=utf8_bin;

-- --------------------------------------------------------

--
-- Структура таблицы `product_to_layout`
--

CREATE TABLE IF NOT EXISTS `product_to_layout` (
  `product_id` int(11) NOT NULL,
  `store_id` int(11) NOT NULL,
  `layout_id` int(11) NOT NULL,
  PRIMARY KEY (`product_id`,`store_id`)
) ENGINE=MyISAM DEFAULT CHARSET=utf8 COLLATE=utf8_bin;

-- --------------------------------------------------------

--
-- Структура таблицы `product_to_store`
--

CREATE TABLE IF NOT EXISTS `product_to_store` (
  `product_id` int(11) NOT NULL,
  `store_id` int(11) NOT NULL DEFAULT '0',
  PRIMARY KEY (`product_id`,`store_id`)
) ENGINE=MyISAM DEFAULT CHARSET=utf8 COLLATE=utf8_bin;

--
-- Дамп данных таблицы `product_to_store`
--

INSERT INTO `product_to_store` (`product_id`, `store_id`) VALUES
(28, 0),
(29, 0),
(30, 0),
(31, 0),
(32, 0),
(33, 0),
(34, 0),
(35, 0),
(36, 0),
(40, 0),
(41, 0),
(42, 0),
(43, 0),
(44, 0),
(45, 0),
(46, 0),
(47, 0),
(48, 0),
(49, 0),
(50, 0);

-- --------------------------------------------------------

--
-- Структура таблицы `return`
--

CREATE TABLE IF NOT EXISTS `return` (
  `return_id` int(11) NOT NULL AUTO_INCREMENT,
  `order_id` int(11) NOT NULL,
  `product_id` int(11) NOT NULL,
  `customer_id` int(11) NOT NULL,
  `firstname` varchar(32) COLLATE utf8_bin NOT NULL,
  `lastname` varchar(32) COLLATE utf8_bin NOT NULL,
  `email` varchar(96) COLLATE utf8_bin NOT NULL,
  `telephone` varchar(32) COLLATE utf8_bin NOT NULL,
  `product` varchar(255) COLLATE utf8_bin NOT NULL,
  `model` varchar(64) COLLATE utf8_bin NOT NULL,
  `quantity` int(4) NOT NULL,
  `opened` tinyint(1) NOT NULL,
  `return_reason_id` int(11) NOT NULL,
  `return_action_id` int(11) NOT NULL,
  `return_status_id` int(11) NOT NULL,
  `comment` text COLLATE utf8_bin,
  `date_ordered` date NOT NULL,
  `date_added` datetime NOT NULL,
  `date_modified` datetime NOT NULL,
  PRIMARY KEY (`return_id`)
) ENGINE=MyISAM DEFAULT CHARSET=utf8 COLLATE=utf8_bin AUTO_INCREMENT=1 ;

-- --------------------------------------------------------

--
-- Структура таблицы `return_action`
--

CREATE TABLE IF NOT EXISTS `return_action` (
  `return_action_id` int(11) NOT NULL AUTO_INCREMENT,
  `language_id` int(11) NOT NULL DEFAULT '0',
  `name` varchar(64) COLLATE utf8_bin NOT NULL DEFAULT '',
  PRIMARY KEY (`return_action_id`,`language_id`)
) ENGINE=MyISAM  DEFAULT CHARSET=utf8 COLLATE=utf8_bin AUTO_INCREMENT=7 ;

--
-- Дамп данных таблицы `return_action`
--

INSERT INTO `return_action` (`return_action_id`, `language_id`, `name`) VALUES
(1, 1, 'Refunded'),
(2, 1, 'Credit Issued'),
(3, 1, 'Replacement Sent'),
(4, 2, 'Refunded'),
(5, 2, 'Credit Issued'),
(6, 2, 'Replacement Sent');

-- --------------------------------------------------------

--
-- Структура таблицы `return_history`
--

CREATE TABLE IF NOT EXISTS `return_history` (
  `return_history_id` int(11) NOT NULL AUTO_INCREMENT,
  `return_id` int(11) NOT NULL,
  `return_status_id` int(11) NOT NULL,
  `notify` tinyint(1) NOT NULL,
  `comment` text COLLATE utf8_bin NOT NULL,
  `date_added` datetime NOT NULL,
  PRIMARY KEY (`return_history_id`)
) ENGINE=MyISAM DEFAULT CHARSET=utf8 COLLATE=utf8_bin AUTO_INCREMENT=1 ;

-- --------------------------------------------------------

--
-- Структура таблицы `return_reason`
--

CREATE TABLE IF NOT EXISTS `return_reason` (
  `return_reason_id` int(11) NOT NULL AUTO_INCREMENT,
  `language_id` int(11) NOT NULL DEFAULT '0',
  `name` varchar(128) COLLATE utf8_bin NOT NULL DEFAULT '',
  PRIMARY KEY (`return_reason_id`,`language_id`)
) ENGINE=MyISAM  DEFAULT CHARSET=utf8 COLLATE=utf8_bin AUTO_INCREMENT=11 ;

--
-- Дамп данных таблицы `return_reason`
--

INSERT INTO `return_reason` (`return_reason_id`, `language_id`, `name`) VALUES
(1, 1, 'Dead On Arrival'),
(2, 1, 'Received Wrong Item'),
(3, 1, 'Order Error'),
(4, 1, 'Faulty, please supply details'),
(5, 1, 'Other, please supply details'),
(6, 2, 'Dead On Arrival'),
(7, 2, 'Received Wrong Item'),
(8, 2, 'Order Error'),
(9, 2, 'Faulty, please supply details'),
(10, 2, 'Other, please supply details');

-- --------------------------------------------------------

--
-- Структура таблицы `return_status`
--

CREATE TABLE IF NOT EXISTS `return_status` (
  `return_status_id` int(11) NOT NULL AUTO_INCREMENT,
  `language_id` int(11) NOT NULL DEFAULT '0',
  `name` varchar(32) COLLATE utf8_bin NOT NULL DEFAULT '',
  PRIMARY KEY (`return_status_id`,`language_id`)
) ENGINE=MyISAM  DEFAULT CHARSET=utf8 COLLATE=utf8_bin AUTO_INCREMENT=7 ;

--
-- Дамп данных таблицы `return_status`
--

INSERT INTO `return_status` (`return_status_id`, `language_id`, `name`) VALUES
(1, 1, 'Pending'),
(3, 1, 'Complete'),
(2, 1, 'Awaiting Products'),
(4, 2, 'Pending'),
(5, 2, 'Complete'),
(6, 2, 'Awaiting Products');

-- --------------------------------------------------------

--
-- Структура таблицы `review`
--

CREATE TABLE IF NOT EXISTS `review` (
  `review_id` int(11) NOT NULL AUTO_INCREMENT,
  `product_id` int(11) NOT NULL,
  `customer_id` int(11) NOT NULL,
  `author` varchar(64) COLLATE utf8_bin NOT NULL DEFAULT '',
  `text` text COLLATE utf8_bin NOT NULL,
  `rating` int(1) NOT NULL,
  `status` tinyint(1) NOT NULL DEFAULT '0',
  `date_added` datetime NOT NULL DEFAULT '0000-00-00 00:00:00',
  `date_modified` datetime NOT NULL DEFAULT '0000-00-00 00:00:00',
  PRIMARY KEY (`review_id`),
  KEY `product_id` (`product_id`)
) ENGINE=MyISAM DEFAULT CHARSET=utf8 COLLATE=utf8_bin AUTO_INCREMENT=1 ;

-- --------------------------------------------------------

--
-- Структура таблицы `setting`
--

CREATE TABLE IF NOT EXISTS `setting` (
  `setting_id` int(11) NOT NULL AUTO_INCREMENT,
  `store_id` int(11) NOT NULL DEFAULT '0',
  `group` varchar(32) COLLATE utf8_bin NOT NULL,
  `key` varchar(64) COLLATE utf8_bin NOT NULL DEFAULT '',
  `value` text COLLATE utf8_bin NOT NULL,
  `serialized` tinyint(1) NOT NULL,
  PRIMARY KEY (`setting_id`)
) ENGINE=MyISAM  DEFAULT CHARSET=utf8 COLLATE=utf8_bin AUTO_INCREMENT=552 ;

--
-- Дамп данных таблицы `setting`
--

INSERT INTO `setting` (`setting_id`, `store_id`, `group`, `key`, `value`, `serialized`) VALUES
(1, 0, 'shipping', 'shipping_sort_order', '3', 0),
(2, 0, 'sub_total', 'sub_total_sort_order', '1', 0),
(3, 0, 'sub_total', 'sub_total_status', '1', 0),
(509, 0, 'tax', 'tax_sort_order', '5', 0),
(5, 0, 'total', 'total_sort_order', '9', 0),
(6, 0, 'total', 'total_status', '1', 0),
(508, 0, 'tax', 'tax_status', '0', 0),
(8, 0, 'free_checkout', 'free_checkout_sort_order', '1', 0),
(9, 0, 'cod', 'cod_sort_order', '5', 0),
(10, 0, 'cod', 'cod_total', '0.01', 0),
(11, 0, 'cod', 'cod_order_status_id', '1', 0),
(12, 0, 'cod', 'cod_geo_zone_id', '0', 0),
(13, 0, 'cod', 'cod_status', '1', 0),
(14, 0, 'shipping', 'shipping_status', '1', 0),
(15, 0, 'shipping', 'shipping_estimator', '1', 0),
(551, 0, 'nalogenniy_np', 'nalogenniy_np_sort_order', '', 0),
(550, 0, 'nalogenniy_np', 'nalogenniy_np_status', '0', 0),
(549, 0, 'nalogenniy_np', 'nalogenniy_np_geo_zone_id', '0', 0),
(547, 0, 'nalogenniy_np', 'nalogenniy_np_total', '', 0),
(548, 0, 'nalogenniy_np', 'nalogenniy_np_order_status_id', '19', 0),
(321, 0, 'coupon', 'coupon_sort_order', '4', 0),
(320, 0, 'coupon', 'coupon_status', '0', 0),
(546, 0, 'nalogenniy_np', 'nalogenniy_np_bank_2', 'Новая почта', 0),
(545, 0, 'nalogenniy_np', 'nalogenniy_np_bank_1', 'Новая почта', 0),
(542, 0, 'flat', 'flat_sort_order', '1', 0),
(541, 0, 'flat', 'flat_status', '1', 0),
(540, 0, 'flat', 'flat_geo_zone_id', '0', 0),
(539, 0, 'flat', 'flat_tax_class_id', '0', 0),
(38, 0, 'carousel', 'carousel_module', 'a:1:{i:0;a:9:{s:9:"banner_id";s:1:"8";s:5:"limit";s:1:"5";s:6:"scroll";s:1:"3";s:5:"width";s:2:"80";s:6:"height";s:2:"80";s:9:"layout_id";s:1:"1";s:8:"position";s:14:"content_bottom";s:6:"status";s:1:"1";s:10:"sort_order";s:2:"-1";}}', 1),
(39, 0, 'featured', 'featured_product', '43,40,42,49,46,47,28', 0),
(40, 0, 'featured', 'featured_module', 'a:1:{i:0;a:7:{s:5:"limit";s:1:"6";s:11:"image_width";s:2:"80";s:12:"image_height";s:2:"80";s:9:"layout_id";s:1:"1";s:8:"position";s:11:"content_top";s:6:"status";s:1:"1";s:10:"sort_order";s:1:"2";}}', 1),
(538, 0, 'flat', 'flat_cost', '0', 0),
(514, 0, 'pickup', 'pickup_sort_order', '', 0),
(510, 0, 'credit', 'credit_status', '0', 0),
(511, 0, 'credit', 'credit_sort_order', '7', 0),
(512, 0, 'pickup', 'pickup_geo_zone_id', '0', 0),
(513, 0, 'pickup', 'pickup_status', '1', 0),
(507, 0, 'config', 'config_google_analytics', '', 0),
(506, 0, 'config', 'config_error_filename', 'error.txt', 0),
(505, 0, 'config', 'config_error_log', '1', 0),
(504, 0, 'config', 'config_error_display', '1', 0),
(319, 0, 'reward', 'reward_sort_order', '2', 0),
(318, 0, 'reward', 'reward_status', '0', 0),
(502, 0, 'config', 'config_encryption', '5de96cf89f7d20637a4842aac0e39da5', 0),
(56, 0, 'affiliate', 'affiliate_module', 'a:1:{i:0;a:4:{s:9:"layout_id";s:2:"10";s:8:"position";s:12:"column_right";s:6:"status";s:1:"1";s:10:"sort_order";s:1:"1";}}', 1),
(57, 0, 'category', 'category_module', 'a:2:{i:0;a:5:{s:9:"layout_id";s:1:"3";s:8:"position";s:11:"column_left";s:5:"count";s:1:"0";s:6:"status";s:1:"1";s:10:"sort_order";s:1:"1";}i:1;a:5:{s:9:"layout_id";s:1:"2";s:8:"position";s:11:"column_left";s:5:"count";s:1:"0";s:6:"status";s:1:"1";s:10:"sort_order";s:1:"1";}}', 1),
(503, 0, 'config', 'config_compression', '0', 0),
(60, 0, 'account', 'account_module', 'a:1:{i:0;a:4:{s:9:"layout_id";s:1:"6";s:8:"position";s:12:"column_right";s:6:"status";s:1:"1";s:10:"sort_order";s:1:"1";}}', 1),
(501, 0, 'config', 'config_maintenance', '0', 0),
(500, 0, 'config', 'config_seo_url', '0', 0),
(499, 0, 'config', 'config_use_ssl', '0', 0),
(498, 0, 'config', 'config_fraud_status_id', '19', 0),
(497, 0, 'config', 'config_fraud_score', '', 0),
(496, 0, 'config', 'config_fraud_key', '', 0),
(495, 0, 'config', 'config_fraud_detection', '0', 0),
(494, 0, 'config', 'config_alert_emails', '', 0),
(493, 0, 'config', 'config_account_mail', '0', 0),
(492, 0, 'config', 'config_alert_mail', '0', 0),
(491, 0, 'config', 'config_smtp_timeout', '5', 0),
(490, 0, 'config', 'config_smtp_port', '25', 0),
(489, 0, 'config', 'config_smtp_password', '', 0),
(488, 0, 'config', 'config_smtp_username', '', 0),
(487, 0, 'config', 'config_smtp_host', '', 0),
(486, 0, 'config', 'config_mail_parameter', '', 0),
(485, 0, 'config', 'config_mail_protocol', 'mail', 0),
(484, 0, 'config', 'config_image_cart_height', '47', 0),
(483, 0, 'config', 'config_image_cart_width', '47', 0),
(482, 0, 'config', 'config_image_wishlist_height', '47', 0),
(481, 0, 'config', 'config_image_wishlist_width', '47', 0),
(480, 0, 'config', 'config_image_compare_height', '90', 0),
(479, 0, 'config', 'config_image_compare_width', '90', 0),
(478, 0, 'config', 'config_image_related_height', '80', 0),
(323, 0, 'voucher', 'voucher_sort_order', '8', 0),
(322, 0, 'voucher', 'voucher_status', '0', 0),
(477, 0, 'config', 'config_image_related_width', '80', 0),
(476, 0, 'config', 'config_image_additional_height', '74', 0),
(474, 0, 'config', 'config_image_product_height', '80', 0),
(473, 0, 'config', 'config_image_product_width', '80', 0),
(102, 0, 'free_checkout', 'free_checkout_status', '1', 0),
(103, 0, 'free_checkout', 'free_checkout_order_status_id', '1', 0),
(475, 0, 'config', 'config_image_additional_width', '74', 0),
(471, 0, 'config', 'config_image_popup_width', '500', 0),
(107, 0, 'slideshow', 'slideshow_module', 'a:1:{i:0;a:7:{s:9:"banner_id";s:1:"7";s:5:"width";s:3:"980";s:6:"height";s:3:"280";s:9:"layout_id";s:1:"1";s:8:"position";s:11:"content_top";s:6:"status";s:1:"1";s:10:"sort_order";s:1:"1";}}', 1),
(108, 0, 'banner', 'banner_module', 'a:1:{i:0;a:7:{s:9:"banner_id";s:1:"6";s:5:"width";s:3:"182";s:6:"height";s:3:"182";s:9:"layout_id";s:1:"3";s:8:"position";s:11:"column_left";s:6:"status";s:1:"1";s:10:"sort_order";s:1:"3";}}', 1),
(472, 0, 'config', 'config_image_popup_height', '500', 0),
(468, 0, 'config', 'config_image_category_height', '80', 0),
(469, 0, 'config', 'config_image_thumb_width', '228', 0),
(470, 0, 'config', 'config_image_thumb_height', '228', 0),
(467, 0, 'config', 'config_image_category_width', '80', 0),
(466, 0, 'config', 'config_icon', 'data/cart.png', 0),
(465, 0, 'config', 'config_logo', 'data/logo.png', 0),
(464, 0, 'config', 'config_return_status_id', '6', 0),
(463, 0, 'config', 'config_commission', '5', 0),
(462, 0, 'config', 'config_affiliate_id', '0', 0),
(461, 0, 'config', 'config_stock_status_id', '4', 0),
(460, 0, 'config', 'config_stock_checkout', '0', 0),
(459, 0, 'config', 'config_stock_warning', '0', 0),
(457, 0, 'config', 'config_complete_status_id', '19', 0),
(458, 0, 'config', 'config_stock_display', '0', 0),
(455, 0, 'config', 'config_invoice_prefix', 'INV-2012-00', 0),
(456, 0, 'config', 'config_order_status_id', '19', 0),
(454, 0, 'config', 'config_order_edit', '100', 0),
(453, 0, 'config', 'config_checkout_id', '0', 0),
(452, 0, 'config', 'config_guest_checkout', '1', 0),
(451, 0, 'config', 'config_cart_weight', '1', 0),
(450, 0, 'config', 'config_account_id', '0', 0),
(448, 0, 'config', 'config_customer_group_display', 'a:1:{i:0;s:1:"1";}', 1),
(449, 0, 'config', 'config_customer_price', '0', 0),
(445, 0, 'config', 'config_tax_customer', 'shipping', 0),
(446, 0, 'config', 'config_customer_online', '0', 0),
(447, 0, 'config', 'config_customer_group_id', '1', 0),
(444, 0, 'config', 'config_tax_default', 'shipping', 0),
(443, 0, 'config', 'config_vat', '0', 0),
(442, 0, 'config', 'config_tax', '0', 0),
(441, 0, 'config', 'config_voucher_max', '1000', 0),
(439, 0, 'config', 'config_upload_allowed', 'jpg, JPG, jpeg, gif, png, txt', 0),
(440, 0, 'config', 'config_voucher_min', '1', 0),
(438, 0, 'config', 'config_download', '1', 0),
(437, 0, 'config', 'config_review_status', '0', 0),
(436, 0, 'config', 'config_product_count', '0', 0),
(435, 0, 'config', 'config_admin_limit', '20', 0),
(434, 0, 'config', 'config_catalog_limit', '15', 0),
(433, 0, 'config', 'config_weight_class_id', '7', 0),
(432, 0, 'config', 'config_length_class_id', '4', 0),
(431, 0, 'config', 'config_currency_auto', '1', 0),
(430, 0, 'config', 'config_currency', 'UAH', 0),
(429, 0, 'config', 'config_admin_language', 'ru', 0),
(428, 0, 'config', 'config_language', 'ru', 0),
(427, 0, 'config', 'config_zone_id', '2810', 0),
(426, 0, 'config', 'config_country_id', '2', 0),
(425, 0, 'config', 'config_layout_id', '4', 0),
(424, 0, 'config', 'config_template', 'default', 0),
(423, 0, 'config', 'config_meta_description', 'My Store', 0),
(422, 0, 'config', 'config_title', 'AL.UA', 0),
(421, 0, 'config', 'config_fax', '', 0),
(420, 0, 'config', 'config_telephone', '123456789', 0),
(419, 0, 'config', 'config_email', 'admin@admin.com', 0),
(418, 0, 'config', 'config_address', 'Address 1', 0),
(417, 0, 'config', 'config_owner', 'Your Name', 0),
(416, 0, 'config', 'config_name', 'AL.UA', 0),
(534, 0, 'novaposhta', 'novaposhta_floor_count', '0', 0),
(533, 0, 'novaposhta', 'novaposhta_type_load', '1', 0),
(532, 0, 'novaposhta', 'novaposhta_type', '4', 0),
(531, 0, 'novaposhta', 'novaposhta_city_from', 'Херсон', 0),
(530, 0, 'novaposhta', 'novaposhta_key', 'd49f8c9cfb02a14caef3e4de0dc8b57f', 0),
(535, 0, 'novaposhta', 'novaposhta_geo_zone_id', '0', 0),
(536, 0, 'novaposhta', 'novaposhta_status', '0', 0),
(537, 0, 'novaposhta', 'novaposhta_sort_order', '', 0),
(543, 0, 'filterpro', 'filterpro_setting', 'a:33:{s:12:"price_slider";s:1:"1";s:20:"display_manufacturer";s:8:"checkbox";s:18:"display_categories";s:8:"checkbox";s:12:"display_tags";s:8:"checkbox";s:16:"display_option_2";s:8:"checkbox";s:16:"display_option_1";s:8:"checkbox";s:16:"display_option_5";s:8:"checkbox";s:17:"display_option_11";s:8:"checkbox";s:19:"display_attribute_4";s:8:"checkbox";s:19:"display_attribute_5";s:8:"checkbox";s:19:"display_attribute_6";s:8:"checkbox";s:19:"display_attribute_7";s:8:"checkbox";s:19:"display_attribute_8";s:8:"checkbox";s:19:"display_attribute_9";s:8:"checkbox";s:20:"display_attribute_10";s:8:"checkbox";s:20:"display_attribute_11";s:8:"checkbox";s:19:"display_attribute_3";s:8:"checkbox";s:19:"display_attribute_1";s:8:"checkbox";s:19:"display_attribute_2";s:8:"checkbox";s:20:"display_attribute_12";s:8:"checkbox";s:20:"display_attribute_13";s:8:"checkbox";s:20:"display_attribute_14";s:8:"checkbox";s:14:"attr_delimeter";s:1:":";s:3:"tax";s:1:"0";s:11:"option_mode";s:2:"or";s:14:"attribute_mode";s:2:"or";s:10:"attr_group";s:1:"0";s:11:"sku_display";s:1:"0";s:13:"model_display";s:1:"0";s:13:"brand_display";s:1:"0";s:16:"location_display";s:1:"0";s:11:"upc_display";s:1:"0";s:13:"stock_display";s:1:"0";}', 1),
(544, 0, 'filterpro', 'filterpro_module', 'a:2:{i:0;a:5:{s:4:"type";s:1:"0";s:9:"layout_id";s:1:"1";s:8:"position";s:11:"content_top";s:6:"status";s:1:"1";s:10:"sort_order";s:0:"";}i:1;a:5:{s:4:"type";s:1:"1";s:8:"position";s:11:"content_top";s:9:"layout_id";s:1:"4";s:6:"status";s:1:"1";s:10:"sort_order";s:0:"";}}', 1);

-- --------------------------------------------------------

--
-- Структура таблицы `stock_status`
--

CREATE TABLE IF NOT EXISTS `stock_status` (
  `stock_status_id` int(11) NOT NULL AUTO_INCREMENT,
  `language_id` int(11) NOT NULL,
  `name` varchar(32) COLLATE utf8_bin NOT NULL,
  PRIMARY KEY (`stock_status_id`,`language_id`)
) ENGINE=MyISAM  DEFAULT CHARSET=utf8 COLLATE=utf8_bin AUTO_INCREMENT=9 ;

--
-- Дамп данных таблицы `stock_status`
--

INSERT INTO `stock_status` (`stock_status_id`, `language_id`, `name`) VALUES
(7, 1, 'In Stock'),
(8, 1, 'Pre-Order'),
(5, 1, 'Out Of Stock'),
(6, 1, '2 - 3 Days'),
(1, 2, 'In Stock'),
(2, 2, 'Pre-Order'),
(3, 2, 'Out Of Stock'),
(4, 2, '2 - 3 Days');

-- --------------------------------------------------------

--
-- Структура таблицы `store`
--

CREATE TABLE IF NOT EXISTS `store` (
  `store_id` int(11) NOT NULL AUTO_INCREMENT,
  `name` varchar(64) COLLATE utf8_bin NOT NULL,
  `url` varchar(255) COLLATE utf8_bin NOT NULL,
  `ssl` varchar(255) COLLATE utf8_bin NOT NULL,
  PRIMARY KEY (`store_id`)
) ENGINE=MyISAM DEFAULT CHARSET=utf8 COLLATE=utf8_bin AUTO_INCREMENT=1 ;

-- --------------------------------------------------------

--
-- Структура таблицы `tax_class`
--

CREATE TABLE IF NOT EXISTS `tax_class` (
  `tax_class_id` int(11) NOT NULL AUTO_INCREMENT,
  `title` varchar(32) COLLATE utf8_bin NOT NULL DEFAULT '',
  `description` varchar(255) COLLATE utf8_bin NOT NULL DEFAULT '',
  `date_added` datetime NOT NULL DEFAULT '0000-00-00 00:00:00',
  `date_modified` datetime NOT NULL DEFAULT '0000-00-00 00:00:00',
  PRIMARY KEY (`tax_class_id`)
) ENGINE=MyISAM  DEFAULT CHARSET=utf8 COLLATE=utf8_bin AUTO_INCREMENT=11 ;

--
-- Дамп данных таблицы `tax_class`
--

INSERT INTO `tax_class` (`tax_class_id`, `title`, `description`, `date_added`, `date_modified`) VALUES
(9, 'Taxable Goods', 'Taxed Stuff', '2009-01-06 23:21:53', '2011-09-23 14:07:50'),
(10, 'Downloadable Products', 'Downloadable', '2011-09-21 22:19:39', '2011-09-22 10:27:36');

-- --------------------------------------------------------

--
-- Структура таблицы `tax_rate`
--

CREATE TABLE IF NOT EXISTS `tax_rate` (
  `tax_rate_id` int(11) NOT NULL AUTO_INCREMENT,
  `geo_zone_id` int(11) NOT NULL DEFAULT '0',
  `name` varchar(32) COLLATE utf8_bin NOT NULL,
  `rate` decimal(15,4) NOT NULL DEFAULT '0.0000',
  `type` char(1) COLLATE utf8_bin NOT NULL,
  `date_added` datetime NOT NULL DEFAULT '0000-00-00 00:00:00',
  `date_modified` datetime NOT NULL DEFAULT '0000-00-00 00:00:00',
  PRIMARY KEY (`tax_rate_id`)
) ENGINE=MyISAM  DEFAULT CHARSET=utf8 COLLATE=utf8_bin AUTO_INCREMENT=88 ;

--
-- Дамп данных таблицы `tax_rate`
--

INSERT INTO `tax_rate` (`tax_rate_id`, `geo_zone_id`, `name`, `rate`, `type`, `date_added`, `date_modified`) VALUES
(86, 3, 'VAT (17.5%)', '17.5000', 'P', '2011-03-09 21:17:10', '2011-09-22 22:24:29'),
(87, 3, 'Eco Tax (-2.00)', '2.0000', 'F', '2011-09-21 21:49:23', '2011-09-23 00:40:19');

-- --------------------------------------------------------

--
-- Структура таблицы `tax_rate_to_customer_group`
--

CREATE TABLE IF NOT EXISTS `tax_rate_to_customer_group` (
  `tax_rate_id` int(11) NOT NULL,
  `customer_group_id` int(11) NOT NULL,
  PRIMARY KEY (`tax_rate_id`,`customer_group_id`)
) ENGINE=MyISAM DEFAULT CHARSET=utf8 COLLATE=utf8_bin;

--
-- Дамп данных таблицы `tax_rate_to_customer_group`
--

INSERT INTO `tax_rate_to_customer_group` (`tax_rate_id`, `customer_group_id`) VALUES
(86, 1),
(87, 1);

-- --------------------------------------------------------

--
-- Структура таблицы `tax_rule`
--

CREATE TABLE IF NOT EXISTS `tax_rule` (
  `tax_rule_id` int(11) NOT NULL AUTO_INCREMENT,
  `tax_class_id` int(11) NOT NULL,
  `tax_rate_id` int(11) NOT NULL,
  `based` varchar(10) COLLATE utf8_bin NOT NULL,
  `priority` int(5) NOT NULL DEFAULT '1',
  PRIMARY KEY (`tax_rule_id`)
) ENGINE=MyISAM  DEFAULT CHARSET=utf8 COLLATE=utf8_bin AUTO_INCREMENT=129 ;

--
-- Дамп данных таблицы `tax_rule`
--

INSERT INTO `tax_rule` (`tax_rule_id`, `tax_class_id`, `tax_rate_id`, `based`, `priority`) VALUES
(121, 10, 86, 'payment', 1),
(120, 10, 87, 'store', 0),
(128, 9, 86, 'shipping', 1),
(127, 9, 87, 'shipping', 2);

-- --------------------------------------------------------

--
-- Структура таблицы `url_alias`
--

CREATE TABLE IF NOT EXISTS `url_alias` (
  `url_alias_id` int(11) NOT NULL AUTO_INCREMENT,
  `query` varchar(255) COLLATE utf8_bin NOT NULL,
  `keyword` varchar(255) COLLATE utf8_bin NOT NULL,
  PRIMARY KEY (`url_alias_id`)
) ENGINE=MyISAM  DEFAULT CHARSET=utf8 COLLATE=utf8_bin AUTO_INCREMENT=810 ;

--
-- Дамп данных таблицы `url_alias`
--

INSERT INTO `url_alias` (`url_alias_id`, `query`, `keyword`) VALUES
(704, 'product_id=48', 'ipod_classic'),
(789, 'category_id=66', 'car-motor-oil'),
(791, 'category_id=59', 'car-oil'),
(730, 'manufacturer_id=8', 'apple'),
(774, 'information_id=4', 'about_us'),
(805, 'product_id=42', 'test'),
(783, 'category_id=60', 'car-filters'),
(808, 'information_id=7', 'delivery-article'),
(809, 'information_id=8', 'article'),
(806, 'information_id=9', 'pay-less-article'),
(807, 'information_id=10', 'about-article'),
(784, 'category_id=61', 'car-brakes'),
(785, 'category_id=62', 'car-parts'),
(788, 'category_id=63', 'car-liquids'),
(787, 'category_id=64', 'car-other');

-- --------------------------------------------------------

--
-- Структура таблицы `user`
--

CREATE TABLE IF NOT EXISTS `user` (
  `user_id` int(11) NOT NULL AUTO_INCREMENT,
  `user_group_id` int(11) NOT NULL,
  `username` varchar(20) COLLATE utf8_bin NOT NULL DEFAULT '',
  `password` varchar(40) COLLATE utf8_bin NOT NULL DEFAULT '',
  `salt` varchar(9) COLLATE utf8_bin NOT NULL DEFAULT '',
  `firstname` varchar(32) COLLATE utf8_bin NOT NULL DEFAULT '',
  `lastname` varchar(32) COLLATE utf8_bin NOT NULL DEFAULT '',
  `email` varchar(96) COLLATE utf8_bin NOT NULL DEFAULT '',
  `code` varchar(32) COLLATE utf8_bin NOT NULL,
  `ip` varchar(40) COLLATE utf8_bin NOT NULL DEFAULT '',
  `status` tinyint(1) NOT NULL,
  `date_added` datetime NOT NULL DEFAULT '0000-00-00 00:00:00',
  PRIMARY KEY (`user_id`)
) ENGINE=MyISAM  DEFAULT CHARSET=utf8 COLLATE=utf8_bin AUTO_INCREMENT=2 ;

--
-- Дамп данных таблицы `user`
--

INSERT INTO `user` (`user_id`, `user_group_id`, `username`, `password`, `salt`, `firstname`, `lastname`, `email`, `code`, `ip`, `status`, `date_added`) VALUES
(1, 1, 'admin', 'c36d2dc5f8f6d189ae93b9df653adc0143afed47', 'e5df05c95', '', '', 'admin@admin.com', '', '127.0.0.1', 1, '2014-05-09 22:28:08');

-- --------------------------------------------------------

--
-- Структура таблицы `user_group`
--

CREATE TABLE IF NOT EXISTS `user_group` (
  `user_group_id` int(11) NOT NULL AUTO_INCREMENT,
  `name` varchar(64) COLLATE utf8_bin NOT NULL,
  `permission` text COLLATE utf8_bin NOT NULL,
  PRIMARY KEY (`user_group_id`)
) ENGINE=MyISAM  DEFAULT CHARSET=utf8 COLLATE=utf8_bin AUTO_INCREMENT=11 ;

--
-- Дамп данных таблицы `user_group`
--

INSERT INTO `user_group` (`user_group_id`, `name`, `permission`) VALUES
(1, 'Top Administrator', 'a:2:{s:6:"access";a:131:{i:0;s:17:"catalog/attribute";i:1;s:23:"catalog/attribute_group";i:2;s:16:"catalog/category";i:3;s:16:"catalog/download";i:4;s:19:"catalog/information";i:5;s:20:"catalog/manufacturer";i:6;s:14:"catalog/option";i:7;s:15:"catalog/product";i:8;s:14:"catalog/review";i:9;s:18:"common/filemanager";i:10;s:13:"design/banner";i:11;s:13:"design/layout";i:12;s:14:"extension/feed";i:13;s:16:"extension/module";i:14;s:17:"extension/payment";i:15;s:18:"extension/shipping";i:16;s:15:"extension/total";i:17;s:16:"feed/google_base";i:18;s:19:"feed/google_sitemap";i:19;s:20:"localisation/country";i:20;s:21:"localisation/currency";i:21;s:21:"localisation/geo_zone";i:22;s:21:"localisation/language";i:23;s:25:"localisation/length_class";i:24;s:25:"localisation/order_status";i:25;s:26:"localisation/return_action";i:26;s:26:"localisation/return_reason";i:27;s:26:"localisation/return_status";i:28;s:25:"localisation/stock_status";i:29;s:22:"localisation/tax_class";i:30;s:21:"localisation/tax_rate";i:31;s:25:"localisation/weight_class";i:32;s:17:"localisation/zone";i:33;s:14:"module/account";i:34;s:16:"module/affiliate";i:35;s:13:"module/banner";i:36;s:17:"module/bestseller";i:37;s:15:"module/carousel";i:38;s:15:"module/category";i:39;s:15:"module/featured";i:40;s:18:"module/google_talk";i:41;s:18:"module/information";i:42;s:13:"module/latest";i:43;s:16:"module/slideshow";i:44;s:14:"module/special";i:45;s:12:"module/store";i:46;s:14:"module/welcome";i:47;s:24:"payment/authorizenet_aim";i:48;s:21:"payment/bank_transfer";i:49;s:14:"payment/cheque";i:50;s:11:"payment/cod";i:51;s:21:"payment/free_checkout";i:52;s:22:"payment/klarna_invoice";i:53;s:17:"payment/klarna_pp";i:54;s:14:"payment/liqpay";i:55;s:20:"payment/moneybookers";i:56;s:14:"payment/nochex";i:57;s:15:"payment/paymate";i:58;s:16:"payment/paypoint";i:59;s:13:"payment/payza";i:60;s:26:"payment/perpetual_payments";i:61;s:14:"payment/pp_pro";i:62;s:17:"payment/pp_pro_uk";i:63;s:19:"payment/pp_standard";i:64;s:15:"payment/sagepay";i:65;s:22:"payment/sagepay_direct";i:66;s:18:"payment/sagepay_us";i:67;s:19:"payment/twocheckout";i:68;s:28:"payment/web_payment_software";i:69;s:16:"payment/worldpay";i:70;s:27:"report/affiliate_commission";i:71;s:22:"report/customer_credit";i:72;s:22:"report/customer_online";i:73;s:21:"report/customer_order";i:74;s:22:"report/customer_reward";i:75;s:24:"report/product_purchased";i:76;s:21:"report/product_viewed";i:77;s:18:"report/sale_coupon";i:78;s:17:"report/sale_order";i:79;s:18:"report/sale_return";i:80;s:20:"report/sale_shipping";i:81;s:15:"report/sale_tax";i:82;s:14:"sale/affiliate";i:83;s:12:"sale/contact";i:84;s:11:"sale/coupon";i:85;s:13:"sale/customer";i:86;s:23:"sale/customer_blacklist";i:87;s:19:"sale/customer_group";i:88;s:10:"sale/order";i:89;s:11:"sale/return";i:90;s:12:"sale/voucher";i:91;s:18:"sale/voucher_theme";i:92;s:15:"setting/setting";i:93;s:13:"setting/store";i:94;s:16:"shipping/auspost";i:95;s:17:"shipping/citylink";i:96;s:14:"shipping/fedex";i:97;s:13:"shipping/flat";i:98;s:13:"shipping/free";i:99;s:13:"shipping/item";i:100;s:23:"shipping/parcelforce_48";i:101;s:15:"shipping/pickup";i:102;s:19:"shipping/royal_mail";i:103;s:12:"shipping/ups";i:104;s:13:"shipping/usps";i:105;s:15:"shipping/weight";i:106;s:11:"tool/backup";i:107;s:14:"tool/error_log";i:108;s:12:"total/coupon";i:109;s:12:"total/credit";i:110;s:14:"total/handling";i:111;s:16:"total/klarna_fee";i:112;s:19:"total/low_order_fee";i:113;s:12:"total/reward";i:114;s:14:"total/shipping";i:115;s:15:"total/sub_total";i:116;s:9:"total/tax";i:117;s:11:"total/total";i:118;s:13:"total/voucher";i:119;s:9:"user/user";i:120;s:20:"user/user_permission";i:121;s:16:"module/filterpro";i:122;s:15:"shipping/pickup";i:123;s:15:"shipping/weight";i:124;s:13:"shipping/usps";i:125;s:19:"shipping/royal_mail";i:126;s:21:"payment/nalogenniy_np";i:127;s:21:"payment/bank_transfer";i:128;s:12:"module/store";i:129;s:19:"shipping/novaposhta";i:130;s:16:"module/filterpro";}s:6:"modify";a:131:{i:0;s:17:"catalog/attribute";i:1;s:23:"catalog/attribute_group";i:2;s:16:"catalog/category";i:3;s:16:"catalog/download";i:4;s:19:"catalog/information";i:5;s:20:"catalog/manufacturer";i:6;s:14:"catalog/option";i:7;s:15:"catalog/product";i:8;s:14:"catalog/review";i:9;s:18:"common/filemanager";i:10;s:13:"design/banner";i:11;s:13:"design/layout";i:12;s:14:"extension/feed";i:13;s:16:"extension/module";i:14;s:17:"extension/payment";i:15;s:18:"extension/shipping";i:16;s:15:"extension/total";i:17;s:16:"feed/google_base";i:18;s:19:"feed/google_sitemap";i:19;s:20:"localisation/country";i:20;s:21:"localisation/currency";i:21;s:21:"localisation/geo_zone";i:22;s:21:"localisation/language";i:23;s:25:"localisation/length_class";i:24;s:25:"localisation/order_status";i:25;s:26:"localisation/return_action";i:26;s:26:"localisation/return_reason";i:27;s:26:"localisation/return_status";i:28;s:25:"localisation/stock_status";i:29;s:22:"localisation/tax_class";i:30;s:21:"localisation/tax_rate";i:31;s:25:"localisation/weight_class";i:32;s:17:"localisation/zone";i:33;s:14:"module/account";i:34;s:16:"module/affiliate";i:35;s:13:"module/banner";i:36;s:17:"module/bestseller";i:37;s:15:"module/carousel";i:38;s:15:"module/category";i:39;s:15:"module/featured";i:40;s:18:"module/google_talk";i:41;s:18:"module/information";i:42;s:13:"module/latest";i:43;s:16:"module/slideshow";i:44;s:14:"module/special";i:45;s:12:"module/store";i:46;s:14:"module/welcome";i:47;s:24:"payment/authorizenet_aim";i:48;s:21:"payment/bank_transfer";i:49;s:14:"payment/cheque";i:50;s:11:"payment/cod";i:51;s:21:"payment/free_checkout";i:52;s:22:"payment/klarna_invoice";i:53;s:17:"payment/klarna_pp";i:54;s:14:"payment/liqpay";i:55;s:20:"payment/moneybookers";i:56;s:14:"payment/nochex";i:57;s:15:"payment/paymate";i:58;s:16:"payment/paypoint";i:59;s:13:"payment/payza";i:60;s:26:"payment/perpetual_payments";i:61;s:14:"payment/pp_pro";i:62;s:17:"payment/pp_pro_uk";i:63;s:19:"payment/pp_standard";i:64;s:15:"payment/sagepay";i:65;s:22:"payment/sagepay_direct";i:66;s:18:"payment/sagepay_us";i:67;s:19:"payment/twocheckout";i:68;s:28:"payment/web_payment_software";i:69;s:16:"payment/worldpay";i:70;s:27:"report/affiliate_commission";i:71;s:22:"report/customer_credit";i:72;s:22:"report/customer_online";i:73;s:21:"report/customer_order";i:74;s:22:"report/customer_reward";i:75;s:24:"report/product_purchased";i:76;s:21:"report/product_viewed";i:77;s:18:"report/sale_coupon";i:78;s:17:"report/sale_order";i:79;s:18:"report/sale_return";i:80;s:20:"report/sale_shipping";i:81;s:15:"report/sale_tax";i:82;s:14:"sale/affiliate";i:83;s:12:"sale/contact";i:84;s:11:"sale/coupon";i:85;s:13:"sale/customer";i:86;s:23:"sale/customer_blacklist";i:87;s:19:"sale/customer_group";i:88;s:10:"sale/order";i:89;s:11:"sale/return";i:90;s:12:"sale/voucher";i:91;s:18:"sale/voucher_theme";i:92;s:15:"setting/setting";i:93;s:13:"setting/store";i:94;s:16:"shipping/auspost";i:95;s:17:"shipping/citylink";i:96;s:14:"shipping/fedex";i:97;s:13:"shipping/flat";i:98;s:13:"shipping/free";i:99;s:13:"shipping/item";i:100;s:23:"shipping/parcelforce_48";i:101;s:15:"shipping/pickup";i:102;s:19:"shipping/royal_mail";i:103;s:12:"shipping/ups";i:104;s:13:"shipping/usps";i:105;s:15:"shipping/weight";i:106;s:11:"tool/backup";i:107;s:14:"tool/error_log";i:108;s:12:"total/coupon";i:109;s:12:"total/credit";i:110;s:14:"total/handling";i:111;s:16:"total/klarna_fee";i:112;s:19:"total/low_order_fee";i:113;s:12:"total/reward";i:114;s:14:"total/shipping";i:115;s:15:"total/sub_total";i:116;s:9:"total/tax";i:117;s:11:"total/total";i:118;s:13:"total/voucher";i:119;s:9:"user/user";i:120;s:20:"user/user_permission";i:121;s:16:"module/filterpro";i:122;s:15:"shipping/pickup";i:123;s:15:"shipping/weight";i:124;s:13:"shipping/usps";i:125;s:19:"shipping/royal_mail";i:126;s:21:"payment/nalogenniy_np";i:127;s:21:"payment/bank_transfer";i:128;s:12:"module/store";i:129;s:19:"shipping/novaposhta";i:130;s:16:"module/filterpro";}}'),
(10, 'Demonstration', '');

-- --------------------------------------------------------

--
-- Структура таблицы `voucher`
--

CREATE TABLE IF NOT EXISTS `voucher` (
  `voucher_id` int(11) NOT NULL AUTO_INCREMENT,
  `order_id` int(11) NOT NULL,
  `code` varchar(10) COLLATE utf8_bin NOT NULL,
  `from_name` varchar(64) COLLATE utf8_bin NOT NULL,
  `from_email` varchar(96) COLLATE utf8_bin NOT NULL,
  `to_name` varchar(64) COLLATE utf8_bin NOT NULL,
  `to_email` varchar(96) COLLATE utf8_bin NOT NULL,
  `voucher_theme_id` int(11) NOT NULL,
  `message` text COLLATE utf8_bin NOT NULL,
  `amount` decimal(15,4) NOT NULL,
  `status` tinyint(1) NOT NULL,
  `date_added` datetime NOT NULL DEFAULT '0000-00-00 00:00:00',
  PRIMARY KEY (`voucher_id`)
) ENGINE=MyISAM DEFAULT CHARSET=utf8 COLLATE=utf8_bin AUTO_INCREMENT=1 ;

-- --------------------------------------------------------

--
-- Структура таблицы `voucher_history`
--

CREATE TABLE IF NOT EXISTS `voucher_history` (
  `voucher_history_id` int(11) NOT NULL AUTO_INCREMENT,
  `voucher_id` int(11) NOT NULL,
  `order_id` int(11) NOT NULL,
  `amount` decimal(15,4) NOT NULL,
  `date_added` datetime NOT NULL,
  PRIMARY KEY (`voucher_history_id`)
) ENGINE=MyISAM DEFAULT CHARSET=utf8 COLLATE=utf8_bin AUTO_INCREMENT=1 ;

-- --------------------------------------------------------

--
-- Структура таблицы `voucher_theme`
--

CREATE TABLE IF NOT EXISTS `voucher_theme` (
  `voucher_theme_id` int(11) NOT NULL AUTO_INCREMENT,
  `image` varchar(255) COLLATE utf8_bin NOT NULL,
  PRIMARY KEY (`voucher_theme_id`)
) ENGINE=MyISAM  DEFAULT CHARSET=utf8 COLLATE=utf8_bin AUTO_INCREMENT=9 ;

--
-- Дамп данных таблицы `voucher_theme`
--

INSERT INTO `voucher_theme` (`voucher_theme_id`, `image`) VALUES
(8, 'data/demo/canon_eos_5d_2.jpg'),
(7, 'data/demo/gift-voucher-birthday.jpg'),
(6, 'data/demo/apple_logo.jpg');

-- --------------------------------------------------------

--
-- Структура таблицы `voucher_theme_description`
--

CREATE TABLE IF NOT EXISTS `voucher_theme_description` (
  `voucher_theme_id` int(11) NOT NULL,
  `language_id` int(11) NOT NULL,
  `name` varchar(32) COLLATE utf8_bin NOT NULL,
  PRIMARY KEY (`voucher_theme_id`,`language_id`)
) ENGINE=MyISAM DEFAULT CHARSET=utf8 COLLATE=utf8_bin;

--
-- Дамп данных таблицы `voucher_theme_description`
--

INSERT INTO `voucher_theme_description` (`voucher_theme_id`, `language_id`, `name`) VALUES
(6, 1, 'Christmas'),
(7, 1, 'Birthday'),
(8, 1, 'General'),
(6, 2, 'Christmas'),
(7, 2, 'Birthday'),
(8, 2, 'General');

-- --------------------------------------------------------

--
-- Структура таблицы `weight_class`
--

CREATE TABLE IF NOT EXISTS `weight_class` (
  `weight_class_id` int(11) NOT NULL AUTO_INCREMENT,
  `value` decimal(15,8) NOT NULL DEFAULT '0.00000000',
  PRIMARY KEY (`weight_class_id`)
) ENGINE=MyISAM  DEFAULT CHARSET=utf8 COLLATE=utf8_bin AUTO_INCREMENT=9 ;

--
-- Дамп данных таблицы `weight_class`
--

INSERT INTO `weight_class` (`weight_class_id`, `value`) VALUES
(1, '1.00000000'),
(2, '1000.00000000'),
(7, '1.00000000'),
(8, '1000.00000000');

-- --------------------------------------------------------

--
-- Структура таблицы `weight_class_description`
--

CREATE TABLE IF NOT EXISTS `weight_class_description` (
  `weight_class_id` int(11) NOT NULL AUTO_INCREMENT,
  `language_id` int(11) NOT NULL,
  `title` varchar(32) COLLATE utf8_bin NOT NULL,
  `unit` varchar(4) COLLATE utf8_bin NOT NULL DEFAULT '',
  PRIMARY KEY (`weight_class_id`,`language_id`)
) ENGINE=MyISAM  DEFAULT CHARSET=utf8 COLLATE=utf8_bin AUTO_INCREMENT=9 ;

--
-- Дамп данных таблицы `weight_class_description`
--

INSERT INTO `weight_class_description` (`weight_class_id`, `language_id`, `title`, `unit`) VALUES
(1, 1, 'Kilogram', 'kg'),
(2, 1, 'Gram', 'g'),
(7, 2, 'Килограмм', 'kg'),
(8, 2, 'Грамм', 'g');

-- --------------------------------------------------------

--
-- Структура таблицы `zone`
--

CREATE TABLE IF NOT EXISTS `zone` (
  `zone_id` int(11) NOT NULL AUTO_INCREMENT,
  `country_id` int(11) NOT NULL,
  `name` varchar(128) COLLATE utf8_bin NOT NULL,
  `code` varchar(32) COLLATE utf8_bin NOT NULL DEFAULT '',
  `status` tinyint(1) NOT NULL DEFAULT '1',
  PRIMARY KEY (`zone_id`)
) ENGINE=MyISAM  DEFAULT CHARSET=utf8 COLLATE=utf8_bin AUTO_INCREMENT=2834 ;

--
-- Дамп данных таблицы `zone`
--

INSERT INTO `zone` (`zone_id`, `country_id`, `name`, `code`, `status`) VALUES
(2833, 2, 'Симферополь', '', 1),
(2832, 2, 'Севастополь', '', 1),
(2831, 2, 'Черновцы', '', 1),
(2830, 2, 'Черкассы', '', 1),
(2829, 2, 'Хмельницк', '', 1),
(2828, 2, 'Харьков', '', 1),
(2827, 2, 'Тернополь', '', 1),
(2826, 2, 'Сумы', '', 1),
(2825, 2, 'Ровно', '', 1),
(2824, 2, 'Полтава', '', 1),
(2823, 2, 'Николаев', '', 1),
(2822, 2, 'Львов', '', 1),
(2821, 2, 'Луганск', '', 1),
(2820, 2, 'Кировоград', '', 1),
(2819, 2, 'Ивано-Франковск', '', 1),
(2818, 2, 'Запорожье', '', 1),
(2817, 2, 'Ужгород', '', 1),
(2816, 2, 'Житомир', '', 1),
(2815, 2, 'Донецк', '', 1),
(2814, 2, 'Днепропетровск', '', 1),
(2813, 2, 'Луцк', '', 1),
(2812, 2, 'Винница', '', 1),
(2811, 2, 'Одесса', '', 1),
(2810, 2, 'Херсон', '', 1),
(2809, 2, 'Киев', '', 1);

-- --------------------------------------------------------

--
-- Структура таблицы `zone_to_geo_zone`
--

CREATE TABLE IF NOT EXISTS `zone_to_geo_zone` (
  `zone_to_geo_zone_id` int(11) NOT NULL AUTO_INCREMENT,
  `country_id` int(11) NOT NULL,
  `zone_id` int(11) NOT NULL DEFAULT '0',
  `geo_zone_id` int(11) NOT NULL,
  `date_added` datetime NOT NULL DEFAULT '0000-00-00 00:00:00',
  `date_modified` datetime NOT NULL DEFAULT '0000-00-00 00:00:00',
  PRIMARY KEY (`zone_to_geo_zone_id`)
) ENGINE=MyISAM  DEFAULT CHARSET=utf8 COLLATE=utf8_bin AUTO_INCREMENT=66 ;

--
-- Дамп данных таблицы `zone_to_geo_zone`
--

INSERT INTO `zone_to_geo_zone` (`zone_to_geo_zone_id`, `country_id`, `zone_id`, `geo_zone_id`, `date_added`, `date_modified`) VALUES
(57, 222, 0, 3, '2010-02-26 22:33:24', '0000-00-00 00:00:00'),
(65, 222, 0, 4, '2010-12-15 15:18:13', '0000-00-00 00:00:00');

/*!40101 SET CHARACTER_SET_CLIENT=@OLD_CHARACTER_SET_CLIENT */;
/*!40101 SET CHARACTER_SET_RESULTS=@OLD_CHARACTER_SET_RESULTS */;
/*!40101 SET COLLATION_CONNECTION=@OLD_COLLATION_CONNECTION */;
